id,name,age,city,salary,department
1,Ramesh,22,Hyderabad,28000,IT
2,Suresh,25,Chennai,29750,HR
3,Anil,28,Bangalore,31500,Finance
4,Priya,31,Pune,33250,Marketing
5,Kiran,34,Mumbai,35000,Sales
6,Lakshmi,37,Delhi,36750,Management
7,Rahul,40,Kolkata,38500,IT
8,Sneha,24,Vijayawada,40250,HR
9,Arjun,27,Visakhapatnam,42000,Finance
10,Divya,30,Ahmedabad,43750,Marketing
11,Vikram,33,Hyderabad,45500,Sales
12,Pooja,36,Chennai,47250,Management
13,Naveen,39,Bangalore,49000,IT
14,Swathi,23,Pune,50750,HR
15,Manoj,26,Mumbai,52500,Finance
16,Kavya,29,Delhi,54250,Marketing
17,Rohit,32,Kolkata,56000,Sales
18,Anusha,35,Vijayawada,57750,Management
19,Tarun,38,Visakhapatnam,59500,IT
20,Meena,22,Ahmedabad,61250,HR
21,Harish,25,Hyderabad,63000,Finance
22,Deepika,28,Chennai,64750,Marketing
23,Ajay,31,Bangalore,66500,Sales
24,Sowmya,34,Pune,68250,Management
25,Varun,37,Mumbai,70000,IT
26,Neha,40,Delhi,71750,HR
27,Sanjay,24,Kolkata,73500,Finance
28,Keerthi,27,Vijayawada,28250,Marketing
29,Abhishek,30,Visakhapatnam,30000,Sales
30,Aishwarya,33,Ahmedabad,31750,Management
31,Praveen,36,Hyderabad,33500,IT
32,Bhavana,39,Chennai,35250,HR
33,Mahesh,23,Bangalore,37000,Finance
34,Pallavi,26,Pune,38750,Marketing
35,Rakesh,29,Mumbai,40500,Sales
36,Nandini,32,Delhi,42250,Management
37,Gopal,35,Kolkata,44000,IT
38,Shreya,38,Vijayawada,45750,HR
39,Surya,22,Visakhapatnam,47500,Finance
40,Tejaswini,25,Ahmedabad,49250,Marketing
41,Dinesh,28,Hyderabad,51000,Sales
42,Lavanya,31,Chennai,52750,Management
43,Chandra,34,Bangalore,54500,IT
44,Madhuri,37,Pune,56250,HR
45,Ganesh,40,Mumbai,58000,Finance
46,Harini,24,Delhi,59750,Marketing
47,Vamsi,27,Kolkata,61500,Sales
48,Reshma,30,Vijayawada,63250,Management
49,Sai,33,Visakhapatnam,65000,IT
50,Nikita,36,Ahmedabad,66750,HR
51,Mohan,39,Hyderabad,68500,Finance
52,Divya,23,Chennai,70250,Marketing
53,Rajesh,26,Bangalore,72000,Sales
54,Swathi,29,Pune,73750,Management
55,Krishna,32,Mumbai,28500,IT
56,Anjali,35,Delhi,30250,HR
57,Ravi,38,Kolkata,32000,Finance
58,Sushma,22,Vijayawada,33750,Marketing
59,Karthik,25,Visakhapatnam,35500,Sales
60,Shalini,28,Ahmedabad,37250,Management
61,Venkat,31,Hyderabad,39000,IT
62,Aparna,34,Chennai,40750,HR
63,Nikhil,37,Bangalore,42500,Finance
64,Deepa,40,Pune,44250,Marketing
65,Ashok,24,Mumbai,46000,Sales
66,Sravani,27,Delhi,47750,Management
67,Prasad,30,Kolkata,49500,IT
68,Ramya,33,Vijayawada,51250,HR
69,Sunil,36,Visakhapatnam,53000,Finance
70,Jyothi,39,Ahmedabad,54750,Marketing
71,Bharath,23,Hyderabad,56500,Sales
72,Sangeetha,26,Chennai,58250,Management
73,Naresh,29,Bangalore,60000,IT
74,Tejas,32,Pune,61750,HR
75,Chaitanya,35,Mumbai,63500,Finance
76,Sindhu,38,Delhi,65250,Marketing
77,Raghu,22,Kolkata,67000,Sales
78,Mounika,25,Vijayawada,68750,Management
79,Srikanth,28,Visakhapatnam,70500,IT
80,Pavani,31,Ahmedabad,72250,HR
81,Raju,34,Hyderabad,74000,Finance
82,Sowmya,37,Chennai,28750,Marketing
83,Vineeth,40,Bangalore,30500,Sales
84,Harika,24,Pune,32250,Management
85,Yashwanth,27,Mumbai,34000,IT
86,Madhavi,30,Delhi,35750,HR
87,Sandeep,33,Kolkata,37500,Finance
88,Tanvi,36,Vijayawada,39250,Marketing
89,Lokesh,39,Visakhapatnam,41000,Sales
90,Anusha,23,Ahmedabad,42750,Management
91,Aditya,26,Hyderabad,44500,IT
92,Hema,29,Chennai,46250,HR
93,Praveen,32,Bangalore,48000,Finance
94,Kalyani,35,Pune,49750,Marketing
95,Sai Kiran,38,Mumbai,51500,Sales
96,Renu,22,Delhi,53250,Management
97,Uday,25,Kolkata,55000,IT
98,Pooja,28,Vijayawada,56750,HR
99,Abhinav,31,Visakhapatnam,58500,Finance
100,Swetha,34,Ahmedabad,60250,Marketing
