Order_ID,Order_Date,Customer,Gender,City,Region,Category,Product,Quantity,Unit_Price,Discount,Sales_Amount
1001,2026-04-13,Rahul,Male,Mumbai,West,Electronics,Headphones,3,44832,0.0,134496.0
1002,2026-05-30,Arjun,Female,Chennai,South,Furniture,Chair,4,16123,0.1,58042.8
1003,2026-10-04,Ramesh,Female,Mumbai,West,Clothing,Jeans,2,5411,0.15,9198.7
1004,2026-02-28,Kiran,Female,Bangalore,South,Clothing,Shirt,4,27580,0.0,110320.0
1005,2026-09-01,Vijay,Male,Mumbai,West,Grocery,Sugar,3,1999,0.1,5397.3
1006,2026-03-30,Anjali,Female,Chennai,South,Electronics,Headphones,5,14602,0.05,69359.5
1007,2026-12-06,Anjali,Male,Bangalore,South,Clothing,Shirt,2,2712,0.05,5152.8
1008,2026-02-19,Vijay,Female,Mumbai,West,Furniture,Chair,3,14641,0.0,43923.0
1009,2026-07-10,Rahul,Female,Bangalore,South,Clothing,Jeans,2,40857,0.0,81714.0
1010,2026-09-28,Vijay,Female,Mumbai,West,Clothing,Jeans,4,32706,0.15,111200.4
1011,2026-12-04,Kiran,Male,Mumbai,West,Electronics,Mobile,5,23347,0.0,116735.0
1012,2026-10-28,Ramesh,Male,Bangalore,South,Electronics,Laptop,1,38144,0.1,34329.6
1013,2026-03-04,Priya,Male,Hyderabad,South,Grocery,Rice,4,2795,0.15,9503.0
1014,2026-08-19,Rahul,Male,Hyderabad,South,Grocery,Sugar,3,12766,0.0,38298.0
1015,2026-02-17,Kiran,Male,Mumbai,West,Furniture,Chair,4,48133,0.0,192532.0
1016,2026-08-02,Priya,Male,Pune,West,Grocery,Rice,3,19215,0.15,48998.25
1017,2026-09-12,Sneha,Male,Hyderabad,South,Furniture,Chair,3,17512,0.05,49909.2
1018,2026-06-28,Kiran,Female,Chennai,South,Electronics,Headphones,2,23519,0.0,47038.0
1019,2026-08-19,Arjun,Male,Hyderabad,South,Grocery,Rice,4,18241,0.0,72964.0
1020,2026-10-11,Rahul,Female,Chennai,South,Electronics,Laptop,3,27990,0.05,79771.5
1021,2026-01-28,Anjali,Female,Delhi,North,Clothing,Shirt,5,2793,0.15,11870.25
1022,2026-12-14,Ramesh,Male,Mumbai,West,Clothing,Jeans,3,18147,0.05,51718.95
1023,2026-05-01,Anjali,Male,Pune,West,Electronics,Laptop,1,1406,0.05,1335.7
1024,2026-06-14,Ramesh,Male,Hyderabad,South,Furniture,Sofa,3,29420,0.05,83847.0
1025,2026-04-06,Vijay,Male,Bangalore,South,Grocery,Sugar,3,28121,0.15,71708.55
1026,2026-09-25,Sneha,Male,Mumbai,West,Electronics,Mobile,1,39453,0.15,33535.05
1027,2026-03-22,Priya,Male,Bangalore,South,Furniture,Chair,5,20180,0.15,85765.0
1028,2026-05-06,Rahul,Male,Bangalore,South,Clothing,Jeans,5,38723,0.0,193615.0
1029,2026-05-03,Ramesh,Male,Mumbai,West,Clothing,Jeans,4,33070,0.15,112438.0
1030,2026-08-28,Vijay,Male,Pune,West,Grocery,Rice,4,40645,0.05,154451.0
1031,2026-09-09,Priya,Female,Hyderabad,South,Grocery,Sugar,5,26470,0.15,112497.5
1032,2026-07-18,Anjali,Male,Chennai,South,Clothing,Shoes,3,11511,0.15,29353.05
1033,2026-09-24,Anjali,Male,Hyderabad,South,Grocery,Sugar,2,11211,0.0,22422.0
1034,2026-09-09,Vijay,Female,Hyderabad,South,Clothing,Shoes,2,30406,0.1,54730.8
1035,2026-09-11,Anjali,Male,Hyderabad,South,Grocery,Rice,2,31716,0.15,53917.2
1036,2026-05-27,Vijay,Female,Delhi,North,Grocery,Sugar,1,7500,0.1,6750.0
1037,2026-03-16,Ramesh,Female,Chennai,South,Grocery,Oil,1,12283,0.15,10440.55
1038,2026-04-09,Ramesh,Male,Mumbai,West,Clothing,Jeans,3,2657,0.0,7971.0
1039,2026-06-12,Vijay,Male,Bangalore,South,Grocery,Oil,2,12069,0.05,22931.1
1040,2026-10-04,Vijay,Female,Hyderabad,South,Grocery,Rice,4,23428,0.05,89026.4
1041,2026-01-22,Sneha,Female,Chennai,South,Electronics,Laptop,4,42014,0.1,151250.4
1042,2026-10-10,Priya,Female,Pune,West,Clothing,Shirt,3,10777,0.15,27481.35
1043,2026-11-13,Vijay,Male,Delhi,North,Clothing,Shirt,4,39890,0.15,135626.0
1044,2026-02-15,Arjun,Female,Mumbai,West,Furniture,Chair,1,18689,0.0,18689.0
1045,2026-10-29,Arjun,Male,Chennai,South,Grocery,Rice,5,18811,0.0,94055.0
1046,2026-06-10,Vijay,Male,Chennai,South,Grocery,Rice,4,290,0.0,1160.0
1047,2026-06-23,Vijay,Female,Bangalore,South,Electronics,Mobile,2,38310,0.15,65127.0
1048,2026-09-30,Vijay,Male,Pune,West,Furniture,Table,3,10829,0.05,30862.65
1049,2026-01-26,Priya,Female,Hyderabad,South,Furniture,Table,5,5901,0.1,26554.5
1050,2026-11-09,Anjali,Male,Hyderabad,South,Grocery,Rice,4,22109,0.1,79592.4
1051,2026-05-23,Anjali,Female,Mumbai,West,Electronics,Mobile,4,22486,0.1,80949.6
1052,2026-03-04,Sneha,Male,Bangalore,South,Grocery,Sugar,3,28412,0.05,80974.2
1053,2026-11-22,Kiran,Female,Pune,West,Clothing,Jeans,1,42775,0.05,40636.25
1054,2026-03-01,Anjali,Female,Chennai,South,Grocery,Rice,1,14699,0.0,14699.0
1055,2026-12-21,Kiran,Female,Delhi,North,Furniture,Table,5,32193,0.1,144868.5
1056,2026-06-07,Priya,Male,Mumbai,West,Grocery,Rice,2,17119,0.05,32526.1
1057,2026-04-27,Sneha,Male,Chennai,South,Grocery,Oil,2,25416,0.05,48290.4
1058,2026-01-01,Kiran,Female,Hyderabad,South,Grocery,Rice,1,1181,0.05,1121.95
1059,2026-09-29,Arjun,Male,Pune,West,Clothing,Shirt,5,49112,0.0,245560.0
1060,2026-05-24,Priya,Male,Delhi,North,Clothing,Shirt,3,19631,0.05,55948.35
1061,2026-04-04,Sneha,Female,Pune,West,Electronics,Laptop,4,44178,0.0,176712.0
1062,2026-02-08,Anjali,Male,Mumbai,West,Electronics,Mobile,2,35347,0.0,70694.0
1063,2026-11-21,Anjali,Female,Pune,West,Clothing,Shirt,2,23149,0.05,43983.1
1064,2026-04-06,Ramesh,Female,Mumbai,West,Furniture,Table,2,44790,0.05,85101.0
1065,2026-06-09,Priya,Female,Delhi,North,Electronics,Headphones,2,29268,0.15,49755.6
1066,2026-06-28,Priya,Male,Mumbai,West,Clothing,Shoes,4,26244,0.0,104976.0
1067,2026-02-12,Anjali,Male,Mumbai,West,Furniture,Chair,1,46347,0.05,44029.65
1068,2026-08-30,Priya,Male,Delhi,North,Grocery,Sugar,2,32096,0.1,57772.8
1069,2026-04-25,Ramesh,Male,Hyderabad,South,Clothing,Shirt,2,15405,0.05,29269.5
1070,2026-08-05,Arjun,Male,Mumbai,West,Clothing,Shirt,2,26192,0.1,47145.6
1071,2026-07-11,Priya,Male,Hyderabad,South,Grocery,Oil,5,18988,0.15,80699.0
1072,2026-05-31,Sneha,Female,Chennai,South,Grocery,Oil,1,35011,0.15,29759.35
1073,2026-12-21,Ramesh,Female,Delhi,North,Grocery,Rice,5,43386,0.0,216930.0
1074,2026-12-08,Arjun,Male,Hyderabad,South,Electronics,Mobile,4,47059,0.0,188236.0
1075,2026-09-22,Kiran,Female,Chennai,South,Electronics,Laptop,1,24566,0.15,20881.1
1076,2026-03-10,Priya,Female,Pune,West,Furniture,Sofa,2,5586,0.15,9496.2
1077,2026-05-31,Vijay,Male,Hyderabad,South,Grocery,Sugar,5,40519,0.0,202595.0
1078,2026-08-11,Rahul,Male,Delhi,North,Electronics,Mobile,2,11274,0.05,21420.6
1079,2026-08-27,Anjali,Male,Chennai,South,Furniture,Chair,3,24494,0.05,69807.9
1080,2026-06-23,Arjun,Female,Bangalore,South,Clothing,Shirt,5,44361,0.1,199624.5
1081,2026-01-05,Arjun,Male,Bangalore,South,Electronics,Mobile,3,19165,0.05,54620.25
1082,2026-05-25,Kiran,Male,Pune,West,Furniture,Chair,1,17849,0.15,15171.65
1083,2026-12-30,Sneha,Male,Hyderabad,South,Electronics,Mobile,4,19970,0.1,71892.0
1084,2026-06-22,Arjun,Female,Chennai,South,Clothing,Jeans,3,28810,0.05,82108.5
1085,2026-12-27,Kiran,Male,Mumbai,West,Clothing,Jeans,4,13216,0.1,47577.6
1086,2026-11-08,Ramesh,Female,Chennai,South,Electronics,Mobile,1,34082,0.15,28969.7
1087,2026-06-22,Arjun,Male,Delhi,North,Clothing,Jeans,4,45840,0.15,155856.0
1088,2026-06-13,Priya,Male,Delhi,North,Grocery,Oil,5,11103,0.0,55515.0
1089,2026-01-01,Arjun,Female,Mumbai,West,Electronics,Mobile,1,38513,0.1,34661.7
1090,2026-11-26,Vijay,Female,Pune,West,Furniture,Sofa,1,7214,0.15,6131.9
1091,2026-03-31,Vijay,Female,Pune,West,Grocery,Rice,2,46527,0.15,79095.9
1092,2026-05-25,Ramesh,Male,Mumbai,West,Clothing,Shirt,1,4935,0.15,4194.75
1093,2026-02-15,Priya,Male,Delhi,North,Grocery,Rice,4,31571,0.0,126284.0
1094,2026-01-10,Vijay,Female,Pune,West,Clothing,Shoes,5,10236,0.05,48621.0
1095,2026-03-06,Rahul,Female,Bangalore,South,Furniture,Chair,5,1115,0.0,5575.0
1096,2026-12-08,Priya,Male,Hyderabad,South,Furniture,Chair,2,4258,0.0,8516.0
1097,2026-11-07,Sneha,Female,Hyderabad,South,Electronics,Laptop,2,10444,0.1,18799.2
1098,2026-01-23,Arjun,Male,Hyderabad,South,Electronics,Headphones,5,38857,0.1,174856.5
1099,2026-03-19,Ramesh,Female,Delhi,North,Clothing,Jeans,3,13556,0.0,40668.0
1100,2026-10-15,Rahul,Female,Hyderabad,South,Furniture,Chair,5,22049,0.0,110245.0
1101,2026-09-25,Ramesh,Female,Bangalore,South,Clothing,Jeans,3,28638,0.05,81618.3
1102,2026-04-22,Kiran,Male,Mumbai,West,Electronics,Mobile,3,42908,0.0,128724.0
1103,2026-04-13,Sneha,Female,Delhi,North,Electronics,Mobile,2,26798,0.1,48236.4
1104,2026-12-01,Priya,Male,Mumbai,West,Clothing,Jeans,2,8117,0.05,15422.3
1105,2026-01-30,Kiran,Female,Bangalore,South,Grocery,Rice,1,31803,0.1,28622.7
1106,2026-07-03,Ramesh,Female,Chennai,South,Electronics,Laptop,5,39911,0.05,189577.25
1107,2026-07-24,Sneha,Male,Hyderabad,South,Grocery,Rice,2,8041,0.0,16082.0
1108,2026-05-31,Kiran,Female,Chennai,South,Grocery,Sugar,3,6354,0.0,19062.0
1109,2026-06-04,Arjun,Female,Chennai,South,Clothing,Shirt,3,18371,0.1,49601.7
1110,2026-01-05,Rahul,Female,Bangalore,South,Electronics,Mobile,3,24054,0.0,72162.0
1111,2026-05-13,Ramesh,Female,Bangalore,South,Electronics,Mobile,5,39849,0.0,199245.0
1112,2026-03-14,Rahul,Male,Bangalore,South,Clothing,Jeans,1,26429,0.0,26429.0
1113,2026-03-02,Ramesh,Female,Hyderabad,South,Clothing,Shoes,3,19362,0.15,49373.1
1114,2026-10-30,Kiran,Female,Mumbai,West,Electronics,Laptop,3,22295,0.1,60196.5
1115,2026-08-04,Rahul,Male,Pune,West,Clothing,Jeans,4,8250,0.05,31350.0
1116,2026-04-21,Kiran,Female,Bangalore,South,Clothing,Shoes,3,5226,0.1,14110.2
1117,2026-08-15,Priya,Male,Chennai,South,Furniture,Chair,2,40541,0.05,77027.9
1118,2026-09-30,Kiran,Female,Hyderabad,South,Furniture,Chair,4,25389,0.1,91400.4
1119,2026-01-25,Anjali,Female,Bangalore,South,Clothing,Shirt,1,3696,0.15,3141.6
1120,2026-04-21,Sneha,Female,Chennai,South,Electronics,Laptop,2,26834,0.15,45617.8
1121,2026-01-06,Anjali,Female,Hyderabad,South,Grocery,Sugar,2,35340,0.0,70680.0
1122,2026-10-16,Arjun,Female,Bangalore,South,Furniture,Sofa,5,47145,0.0,235725.0
1123,2026-11-14,Sneha,Male,Delhi,North,Clothing,Jeans,4,11713,0.1,42166.8
1124,2026-08-17,Anjali,Female,Hyderabad,South,Furniture,Sofa,3,35458,0.15,90417.9
1125,2026-04-28,Ramesh,Female,Pune,West,Clothing,Shoes,4,22450,0.05,85310.0
1126,2026-01-26,Priya,Male,Pune,West,Furniture,Table,1,946,0.1,851.4
1127,2026-10-02,Anjali,Male,Mumbai,West,Electronics,Mobile,2,42201,0.15,71741.7
1128,2026-11-16,Sneha,Male,Mumbai,West,Electronics,Headphones,1,39101,0.05,37145.95
1129,2026-09-16,Ramesh,Female,Pune,West,Furniture,Sofa,4,39856,0.1,143481.6
1130,2026-06-21,Rahul,Male,Bangalore,South,Grocery,Oil,5,22522,0.05,106979.5
1131,2026-09-22,Priya,Male,Bangalore,South,Grocery,Rice,5,43436,0.0,217180.0
1132,2026-08-24,Rahul,Female,Pune,West,Furniture,Sofa,1,18088,0.05,17183.6
1133,2026-02-04,Ramesh,Female,Delhi,North,Grocery,Sugar,1,19119,0.1,17207.1
1134,2026-09-27,Anjali,Female,Pune,West,Grocery,Rice,3,41932,0.0,125796.0
1135,2026-03-19,Rahul,Female,Chennai,South,Electronics,Laptop,5,19382,0.1,87219.0
1136,2026-10-23,Vijay,Male,Mumbai,West,Electronics,Laptop,2,18620,0.05,35378.0
1137,2026-01-23,Kiran,Male,Pune,West,Grocery,Sugar,5,6665,0.0,33325.0
1138,2026-11-05,Vijay,Female,Hyderabad,South,Electronics,Laptop,1,11346,0.1,10211.4
1139,2026-02-11,Vijay,Female,Chennai,South,Furniture,Sofa,3,31210,0.1,84267.0
1140,2026-02-07,Ramesh,Male,Delhi,North,Electronics,Mobile,3,33287,0.0,99861.0
1141,2026-03-27,Rahul,Female,Delhi,North,Electronics,Headphones,1,38241,0.15,32504.85
1142,2026-06-08,Kiran,Female,Delhi,North,Furniture,Table,1,46297,0.05,43982.15
1143,2026-06-06,Kiran,Female,Delhi,North,Grocery,Sugar,5,20203,0.0,101015.0
1144,2026-08-31,Anjali,Female,Mumbai,West,Electronics,Mobile,3,16578,0.1,44760.6
1145,2026-09-11,Rahul,Female,Bangalore,South,Furniture,Sofa,5,5879,0.1,26455.5
1146,2026-08-06,Arjun,Female,Pune,West,Clothing,Shoes,2,10641,0.1,19153.8
1147,2026-06-20,Anjali,Female,Pune,West,Clothing,Shirt,1,26315,0.15,22367.75
1148,2026-04-16,Ramesh,Female,Mumbai,West,Grocery,Rice,5,38827,0.1,174721.5
1149,2026-10-23,Ramesh,Female,Bangalore,South,Electronics,Mobile,3,40064,0.05,114182.4
1150,2026-04-20,Anjali,Female,Chennai,South,Furniture,Chair,5,36344,0.05,172634.0
1151,2026-11-05,Ramesh,Female,Hyderabad,South,Electronics,Headphones,3,2808,0.1,7581.6
1152,2026-03-04,Anjali,Male,Mumbai,West,Electronics,Laptop,2,13324,0.1,23983.2
1153,2026-12-13,Ramesh,Female,Bangalore,South,Furniture,Table,2,8170,0.05,15523.0
1154,2026-06-29,Sneha,Male,Chennai,South,Furniture,Sofa,3,45819,0.0,137457.0
1155,2026-06-05,Rahul,Male,Hyderabad,South,Electronics,Laptop,3,4857,0.05,13842.45
1156,2026-05-28,Sneha,Female,Hyderabad,South,Furniture,Chair,4,19916,0.0,79664.0
1157,2026-08-12,Arjun,Female,Mumbai,West,Furniture,Chair,1,20906,0.0,20906.0
1158,2026-10-13,Vijay,Female,Chennai,South,Furniture,Sofa,5,28052,0.0,140260.0
1159,2026-07-13,Sneha,Female,Chennai,South,Clothing,Shirt,3,48402,0.05,137945.7
1160,2026-05-11,Vijay,Female,Hyderabad,South,Clothing,Jeans,3,12442,0.1,33593.4
1161,2026-10-15,Rahul,Male,Bangalore,South,Furniture,Table,2,47290,0.1,85122.0
1162,2026-09-12,Arjun,Female,Delhi,North,Grocery,Rice,1,11098,0.1,9988.2
1163,2026-04-07,Anjali,Male,Pune,West,Electronics,Headphones,5,6822,0.1,30699.0
1164,2026-06-14,Sneha,Male,Bangalore,South,Furniture,Table,3,12275,0.15,31301.25
1165,2026-09-20,Ramesh,Male,Pune,West,Furniture,Sofa,2,6250,0.05,11875.0
1166,2026-07-07,Rahul,Female,Delhi,North,Furniture,Chair,3,13959,0.0,41877.0
1167,2026-07-14,Kiran,Male,Hyderabad,South,Furniture,Chair,4,20078,0.05,76296.4
1168,2026-08-10,Ramesh,Female,Mumbai,West,Grocery,Rice,5,13321,0.15,56614.25
1169,2026-10-07,Ramesh,Female,Delhi,North,Grocery,Sugar,4,43961,0.15,149467.4
1170,2026-07-28,Sneha,Male,Pune,West,Grocery,Sugar,1,28629,0.1,25766.1
1171,2026-01-04,Rahul,Female,Bangalore,South,Electronics,Laptop,1,17785,0.1,16006.5
1172,2026-05-26,Vijay,Male,Delhi,North,Electronics,Mobile,5,16558,0.05,78650.5
1173,2026-06-02,Sneha,Female,Bangalore,South,Grocery,Rice,2,40052,0.0,80104.0
1174,2026-01-27,Ramesh,Male,Mumbai,West,Furniture,Chair,2,16825,0.0,33650.0
1175,2026-11-05,Kiran,Female,Pune,West,Furniture,Table,4,46928,0.0,187712.0
1176,2026-05-02,Sneha,Female,Delhi,North,Electronics,Mobile,5,24127,0.05,114603.25
1177,2026-10-19,Priya,Female,Bangalore,South,Grocery,Oil,3,19350,0.0,58050.0
1178,2026-04-23,Priya,Male,Delhi,North,Electronics,Headphones,3,24163,0.15,61615.65
1179,2026-09-07,Anjali,Male,Chennai,South,Clothing,Jeans,5,23963,0.0,119815.0
1180,2026-12-31,Priya,Female,Mumbai,West,Furniture,Sofa,4,15950,0.0,63800.0
1181,2026-10-23,Ramesh,Male,Hyderabad,South,Clothing,Jeans,5,34988,0.0,174940.0
1182,2026-10-18,Priya,Female,Hyderabad,South,Electronics,Headphones,2,45180,0.1,81324.0
1183,2026-04-11,Anjali,Male,Delhi,North,Grocery,Sugar,2,23151,0.1,41671.8
1184,2026-11-07,Ramesh,Male,Chennai,South,Electronics,Laptop,1,49581,0.0,49581.0
1185,2026-07-17,Vijay,Male,Mumbai,West,Clothing,Shoes,5,11444,0.1,51498.0
1186,2026-01-26,Kiran,Female,Bangalore,South,Electronics,Headphones,3,25164,0.0,75492.0
1187,2026-03-27,Rahul,Male,Bangalore,South,Grocery,Sugar,1,12282,0.05,11667.9
1188,2026-11-24,Rahul,Male,Pune,West,Furniture,Chair,1,11222,0.15,9538.7
1189,2026-04-13,Ramesh,Female,Delhi,North,Clothing,Shoes,4,25610,0.1,92196.0
1190,2026-06-20,Vijay,Female,Chennai,South,Grocery,Rice,2,16614,0.0,33228.0
1191,2026-07-29,Ramesh,Female,Mumbai,West,Furniture,Sofa,1,44647,0.0,44647.0
1192,2026-06-19,Rahul,Female,Delhi,North,Clothing,Jeans,2,8602,0.1,15483.6
1193,2026-04-06,Priya,Male,Chennai,South,Furniture,Chair,5,30069,0.15,127793.25
1194,2026-07-04,Vijay,Female,Pune,West,Grocery,Rice,1,8536,0.15,7255.6
1195,2026-12-25,Anjali,Male,Mumbai,West,Furniture,Chair,2,39937,0.0,79874.0
1196,2026-06-07,Rahul,Female,Hyderabad,South,Clothing,Shirt,3,44560,0.05,126996.0
1197,2026-03-14,Kiran,Male,Bangalore,South,Clothing,Shirt,1,25380,0.0,25380.0
1198,2026-07-17,Kiran,Female,Hyderabad,South,Grocery,Sugar,2,1928,0.0,3856.0
1199,2026-07-18,Anjali,Female,Pune,West,Grocery,Sugar,5,14661,0.0,73305.0
1200,2026-11-26,Priya,Female,Chennai,South,Grocery,Rice,5,36432,0.05,173052.0
1201,2026-09-19,Arjun,Male,Hyderabad,South,Clothing,Shirt,1,43613,0.1,39251.7
1202,2026-01-20,Rahul,Male,Pune,West,Furniture,Sofa,1,46700,0.1,42030.0
1203,2026-05-25,Vijay,Male,Delhi,North,Furniture,Table,3,25525,0.05,72746.25
1204,2026-11-25,Anjali,Female,Chennai,South,Clothing,Shirt,5,10322,0.0,51610.0
1205,2026-05-03,Anjali,Male,Delhi,North,Clothing,Shoes,1,46107,0.1,41496.3
1206,2026-01-09,Kiran,Female,Hyderabad,South,Furniture,Chair,2,26031,0.05,49458.9
1207,2026-05-04,Kiran,Female,Hyderabad,South,Electronics,Headphones,3,15685,0.15,39996.75
1208,2026-11-12,Vijay,Male,Chennai,South,Electronics,Mobile,2,29225,0.0,58450.0
1209,2026-10-28,Vijay,Female,Mumbai,West,Electronics,Laptop,1,38101,0.15,32385.85
1210,2026-12-20,Vijay,Male,Delhi,North,Furniture,Table,3,1691,0.15,4312.05
1211,2026-12-19,Priya,Male,Delhi,North,Electronics,Laptop,3,19723,0.15,50293.65
1212,2026-06-19,Anjali,Male,Hyderabad,South,Electronics,Headphones,5,32188,0.0,160940.0
1213,2026-11-10,Ramesh,Male,Chennai,South,Clothing,Shoes,5,48974,0.0,244870.0
1214,2026-03-23,Anjali,Female,Bangalore,South,Clothing,Shoes,5,36609,0.1,164740.5
1215,2026-08-12,Arjun,Female,Pune,West,Electronics,Laptop,4,33162,0.05,126015.6
1216,2026-07-07,Vijay,Female,Chennai,South,Electronics,Laptop,1,32066,0.05,30462.7
1217,2026-03-15,Ramesh,Female,Delhi,North,Furniture,Table,3,47617,0.1,128565.9
1218,2026-07-15,Anjali,Female,Bangalore,South,Furniture,Sofa,5,5184,0.05,24624.0
1219,2026-07-12,Sneha,Female,Mumbai,West,Clothing,Shoes,1,14959,0.05,14211.05
1220,2026-09-08,Priya,Female,Chennai,South,Clothing,Jeans,5,21295,0.15,90503.75
1221,2026-03-20,Vijay,Male,Delhi,North,Grocery,Sugar,5,44164,0.05,209779.0
1222,2026-08-14,Arjun,Female,Chennai,South,Clothing,Shoes,2,11845,0.05,22505.5
1223,2026-10-12,Arjun,Male,Hyderabad,South,Furniture,Chair,1,16522,0.1,14869.8
1224,2026-01-27,Priya,Male,Mumbai,West,Grocery,Oil,4,3193,0.1,11494.8
1225,2026-12-23,Priya,Female,Pune,West,Grocery,Rice,5,39314,0.15,167084.5
1226,2026-02-27,Anjali,Female,Pune,West,Furniture,Chair,5,5726,0.0,28630.0
1227,2026-01-12,Rahul,Male,Bangalore,South,Electronics,Headphones,1,41852,0.15,35574.2
1228,2026-05-25,Arjun,Male,Mumbai,West,Grocery,Sugar,4,39441,0.0,157764.0
1229,2026-12-15,Vijay,Female,Chennai,South,Clothing,Jeans,4,39210,0.1,141156.0
1230,2026-01-15,Ramesh,Female,Delhi,North,Grocery,Oil,3,15351,0.05,43750.35
1231,2026-06-15,Vijay,Male,Pune,West,Furniture,Chair,4,34631,0.0,138524.0
1232,2026-12-10,Vijay,Male,Mumbai,West,Furniture,Table,5,49368,0.05,234498.0
1233,2026-12-04,Sneha,Male,Delhi,North,Electronics,Laptop,2,26689,0.15,45371.3
1234,2026-04-12,Ramesh,Female,Pune,West,Grocery,Sugar,5,41788,0.0,208940.0
1235,2026-02-15,Vijay,Male,Chennai,South,Clothing,Shoes,1,43508,0.15,36981.8
1236,2026-08-30,Anjali,Male,Pune,West,Clothing,Shirt,2,9227,0.15,15685.9
1237,2026-03-18,Anjali,Female,Bangalore,South,Electronics,Laptop,1,45104,0.05,42848.8
1238,2026-05-23,Rahul,Female,Pune,West,Furniture,Table,2,10461,0.05,19875.9
1239,2026-01-09,Sneha,Male,Mumbai,West,Electronics,Headphones,5,38950,0.1,175275.0
1240,2026-11-14,Kiran,Male,Hyderabad,South,Clothing,Jeans,4,3489,0.15,11862.6
1241,2026-01-03,Kiran,Male,Chennai,South,Grocery,Oil,2,16505,0.05,31359.5
1242,2026-01-12,Kiran,Female,Mumbai,West,Clothing,Jeans,3,15413,0.05,43927.05
1243,2026-02-24,Sneha,Female,Delhi,North,Electronics,Laptop,3,26845,0.1,72481.5
1244,2026-11-03,Anjali,Female,Delhi,North,Grocery,Rice,5,4890,0.15,20782.5
1245,2026-12-27,Priya,Male,Pune,West,Clothing,Shoes,5,48579,0.15,206460.75
1246,2026-07-26,Ramesh,Male,Mumbai,West,Clothing,Shoes,3,45600,0.0,136800.0
1247,2026-01-24,Anjali,Male,Mumbai,West,Electronics,Mobile,5,49410,0.05,234697.5
1248,2026-02-19,Ramesh,Male,Mumbai,West,Grocery,Oil,4,33823,0.15,114998.2
1249,2026-08-16,Rahul,Male,Hyderabad,South,Grocery,Oil,5,31685,0.15,134661.25
1250,2026-07-05,Sneha,Male,Bangalore,South,Grocery,Oil,2,29526,0.1,53146.8
1251,2026-12-21,Rahul,Female,Mumbai,West,Furniture,Chair,2,19442,0.0,38884.0
1252,2026-11-30,Rahul,Male,Mumbai,West,Grocery,Oil,2,41999,0.05,79798.1
1253,2026-11-12,Arjun,Male,Delhi,North,Electronics,Mobile,5,4748,0.05,22553.0
1254,2026-08-19,Sneha,Male,Pune,West,Grocery,Sugar,1,36023,0.05,34221.85
1255,2026-08-17,Arjun,Male,Chennai,South,Electronics,Laptop,4,2213,0.1,7966.8
1256,2026-09-27,Vijay,Female,Hyderabad,South,Grocery,Rice,3,44838,0.05,127788.3
1257,2026-10-03,Vijay,Male,Delhi,North,Clothing,Jeans,1,42340,0.0,42340.0
1258,2026-04-17,Arjun,Male,Mumbai,West,Electronics,Laptop,4,42367,0.0,169468.0
1259,2026-02-13,Vijay,Female,Delhi,North,Grocery,Rice,1,36436,0.15,30970.6
1260,2026-11-30,Rahul,Male,Pune,West,Grocery,Sugar,5,34807,0.05,165333.25
1261,2026-02-04,Sneha,Male,Delhi,North,Grocery,Oil,5,15460,0.1,69570.0
1262,2026-07-25,Anjali,Female,Delhi,North,Furniture,Chair,1,9300,0.1,8370.0
1263,2026-08-05,Rahul,Male,Mumbai,West,Electronics,Mobile,3,49038,0.05,139758.3
1264,2026-10-21,Anjali,Male,Hyderabad,South,Furniture,Sofa,3,3349,0.1,9042.3
1265,2026-01-08,Rahul,Male,Pune,West,Electronics,Mobile,2,17375,0.1,31275.0
1266,2026-10-17,Ramesh,Male,Hyderabad,South,Furniture,Chair,5,45241,0.1,203584.5
1267,2026-01-26,Vijay,Male,Bangalore,South,Furniture,Table,2,28725,0.0,57450.0
1268,2026-01-01,Priya,Male,Hyderabad,South,Grocery,Sugar,1,30759,0.0,30759.0
1269,2026-08-08,Rahul,Female,Pune,West,Electronics,Laptop,1,44733,0.05,42496.35
1270,2026-06-25,Arjun,Male,Pune,West,Furniture,Chair,1,7948,0.0,7948.0
1271,2026-04-08,Arjun,Female,Delhi,North,Electronics,Headphones,1,39982,0.15,33984.7
1272,2026-10-06,Priya,Male,Pune,West,Grocery,Oil,3,36421,0.05,103799.85
1273,2026-03-17,Rahul,Male,Chennai,South,Electronics,Mobile,1,3826,0.0,3826.0
1274,2026-08-12,Ramesh,Male,Delhi,North,Furniture,Chair,1,17924,0.0,17924.0
1275,2026-04-20,Sneha,Female,Mumbai,West,Clothing,Jeans,3,39878,0.15,101688.9
1276,2026-11-24,Vijay,Female,Bangalore,South,Clothing,Shirt,3,22712,0.05,64729.2
1277,2026-01-12,Arjun,Female,Pune,West,Grocery,Rice,5,1277,0.0,6385.0
1278,2026-11-22,Sneha,Female,Delhi,North,Furniture,Sofa,3,25619,0.1,69171.3
1279,2026-04-17,Kiran,Female,Mumbai,West,Furniture,Sofa,5,24696,0.1,111132.0
1280,2026-09-28,Anjali,Male,Delhi,North,Grocery,Sugar,1,9006,0.1,8105.4
1281,2026-02-21,Sneha,Male,Delhi,North,Clothing,Shoes,2,46513,0.0,93026.0
1282,2026-03-18,Anjali,Female,Delhi,North,Furniture,Sofa,2,42741,0.05,81207.9
1283,2026-06-08,Kiran,Male,Hyderabad,South,Clothing,Shoes,4,48813,0.1,175726.8
1284,2026-09-20,Sneha,Male,Hyderabad,South,Clothing,Shirt,2,24711,0.15,42008.7
1285,2026-04-28,Arjun,Female,Mumbai,West,Grocery,Rice,2,11230,0.0,22460.0
1286,2026-05-01,Arjun,Female,Mumbai,West,Electronics,Mobile,1,16493,0.15,14019.05
1287,2026-01-19,Anjali,Female,Hyderabad,South,Clothing,Shoes,5,45205,0.15,192121.25
1288,2026-08-30,Arjun,Male,Bangalore,South,Electronics,Mobile,3,16135,0.05,45984.75
1289,2026-05-30,Vijay,Male,Hyderabad,South,Furniture,Table,1,17114,0.0,17114.0
1290,2026-03-18,Arjun,Male,Chennai,South,Grocery,Sugar,3,9260,0.05,26391.0
1291,2026-05-26,Priya,Female,Pune,West,Electronics,Mobile,3,4458,0.0,13374.0
1292,2026-10-07,Anjali,Female,Pune,West,Electronics,Headphones,1,32596,0.1,29336.4
1293,2026-04-19,Sneha,Female,Chennai,South,Grocery,Oil,2,31107,0.1,55992.6
1294,2026-03-11,Ramesh,Male,Delhi,North,Electronics,Headphones,1,31467,0.0,31467.0
1295,2026-01-05,Anjali,Male,Mumbai,West,Electronics,Laptop,4,3813,0.15,12964.2
1296,2026-10-27,Arjun,Female,Delhi,North,Grocery,Oil,2,8358,0.05,15880.2
1297,2026-07-28,Priya,Female,Chennai,South,Clothing,Jeans,2,19301,0.05,36671.9
1298,2026-11-29,Arjun,Male,Pune,West,Grocery,Oil,4,30237,0.15,102805.8
1299,2026-05-16,Anjali,Male,Hyderabad,South,Furniture,Table,1,3183,0.0,3183.0
1300,2026-01-05,Anjali,Female,Pune,West,Electronics,Headphones,4,48331,0.05,183657.8
1301,2026-08-19,Vijay,Male,Mumbai,West,Electronics,Laptop,5,13495,0.05,64101.25
1302,2026-05-22,Anjali,Male,Delhi,North,Grocery,Oil,4,19269,0.0,77076.0
1303,2026-09-06,Ramesh,Male,Bangalore,South,Electronics,Mobile,1,49592,0.05,47112.4
1304,2026-11-07,Sneha,Male,Chennai,South,Furniture,Table,2,36135,0.05,68656.5
1305,2026-01-12,Kiran,Male,Pune,West,Furniture,Sofa,4,24919,0.05,94692.2
1306,2026-08-04,Rahul,Female,Bangalore,South,Clothing,Jeans,5,34694,0.05,164796.5
1307,2026-06-12,Rahul,Male,Pune,West,Clothing,Shoes,4,40561,0.0,162244.0
1308,2026-01-25,Rahul,Male,Bangalore,South,Furniture,Table,4,48995,0.05,186181.0
1309,2026-11-17,Sneha,Female,Delhi,North,Clothing,Shirt,4,8386,0.05,31866.8
1310,2026-01-25,Arjun,Male,Pune,West,Clothing,Shirt,4,11238,0.1,40456.8
1311,2026-03-20,Anjali,Male,Bangalore,South,Grocery,Rice,2,17447,0.0,34894.0
1312,2026-06-09,Arjun,Male,Mumbai,West,Grocery,Rice,4,35362,0.05,134375.6
1313,2026-01-05,Priya,Female,Pune,West,Clothing,Shoes,3,6530,0.1,17631.0
1314,2026-02-25,Kiran,Male,Bangalore,South,Electronics,Mobile,3,49941,0.0,149823.0
1315,2026-07-09,Sneha,Male,Chennai,South,Electronics,Headphones,5,5548,0.15,23579.0
1316,2026-11-04,Arjun,Female,Mumbai,West,Electronics,Headphones,1,43208,0.1,38887.2
1317,2026-04-26,Kiran,Female,Mumbai,West,Grocery,Oil,2,15522,0.0,31044.0
1318,2026-01-14,Kiran,Male,Delhi,North,Furniture,Sofa,3,26815,0.05,76422.75
1319,2026-09-03,Sneha,Male,Delhi,North,Clothing,Shirt,2,24382,0.0,48764.0
1320,2026-03-06,Arjun,Male,Delhi,North,Clothing,Shoes,2,5642,0.0,11284.0
1321,2026-06-22,Vijay,Female,Bangalore,South,Clothing,Shirt,5,16152,0.05,76722.0
1322,2026-11-04,Vijay,Male,Hyderabad,South,Furniture,Chair,4,10734,0.1,38642.4
1323,2026-04-22,Anjali,Female,Delhi,North,Clothing,Jeans,4,25221,0.15,85751.4
1324,2026-02-11,Arjun,Female,Chennai,South,Electronics,Laptop,4,30720,0.05,116736.0
1325,2026-05-09,Rahul,Female,Delhi,North,Electronics,Laptop,1,3291,0.0,3291.0
1326,2026-08-20,Arjun,Female,Delhi,North,Electronics,Mobile,2,20381,0.15,34647.7
1327,2026-03-20,Ramesh,Female,Chennai,South,Furniture,Table,3,23353,0.15,59550.15
1328,2026-01-08,Arjun,Female,Delhi,North,Furniture,Chair,4,22714,0.0,90856.0
1329,2026-06-01,Ramesh,Male,Hyderabad,South,Furniture,Sofa,1,7888,0.1,7099.2
1330,2026-07-30,Kiran,Male,Mumbai,West,Electronics,Mobile,4,9966,0.15,33884.4
1331,2026-12-16,Sneha,Female,Mumbai,West,Furniture,Sofa,2,30056,0.0,60112.0
1332,2026-05-16,Vijay,Female,Bangalore,South,Clothing,Shoes,4,23988,0.1,86356.8
1333,2026-10-19,Sneha,Female,Hyderabad,South,Electronics,Mobile,2,25638,0.0,51276.0
1334,2026-09-23,Arjun,Female,Pune,West,Electronics,Laptop,1,20769,0.1,18692.1
1335,2026-12-17,Vijay,Female,Mumbai,West,Furniture,Table,5,42776,0.15,181798.0
1336,2026-07-02,Ramesh,Male,Mumbai,West,Clothing,Shoes,2,45938,0.0,91876.0
1337,2026-08-01,Anjali,Female,Chennai,South,Clothing,Jeans,1,11989,0.05,11389.55
1338,2026-02-01,Sneha,Male,Chennai,South,Clothing,Shirt,5,12358,0.05,58700.5
1339,2026-05-29,Sneha,Female,Hyderabad,South,Grocery,Rice,2,35064,0.0,70128.0
1340,2026-09-13,Sneha,Female,Pune,West,Grocery,Oil,4,42819,0.1,154148.4
1341,2026-09-15,Arjun,Male,Chennai,South,Electronics,Mobile,4,28544,0.0,114176.0
1342,2026-02-13,Arjun,Female,Mumbai,West,Furniture,Table,3,46586,0.15,118794.3
1343,2026-04-28,Priya,Male,Chennai,South,Electronics,Laptop,1,8806,0.1,7925.4
1344,2026-08-17,Kiran,Female,Delhi,North,Clothing,Shoes,4,9596,0.15,32626.4
1345,2026-04-14,Priya,Female,Bangalore,South,Clothing,Shirt,4,25960,0.1,93456.0
1346,2026-10-29,Kiran,Male,Bangalore,South,Clothing,Shoes,1,3181,0.0,3181.0
1347,2026-08-22,Rahul,Female,Chennai,South,Clothing,Shirt,5,19463,0.05,92449.25
1348,2026-01-20,Priya,Female,Pune,West,Grocery,Rice,1,19973,0.0,19973.0
1349,2026-04-21,Arjun,Female,Chennai,South,Furniture,Sofa,3,17181,0.15,43811.55
1350,2026-08-18,Arjun,Female,Mumbai,West,Clothing,Jeans,3,23805,0.0,71415.0
1351,2026-01-20,Ramesh,Male,Delhi,North,Clothing,Jeans,4,33948,0.0,135792.0
1352,2026-12-02,Rahul,Male,Mumbai,West,Electronics,Mobile,3,16187,0.0,48561.0
1353,2026-06-08,Anjali,Female,Mumbai,West,Grocery,Oil,2,16129,0.05,30645.1
1354,2026-04-19,Anjali,Female,Chennai,South,Electronics,Headphones,3,12793,0.15,32622.15
1355,2026-06-22,Anjali,Female,Bangalore,South,Clothing,Shirt,4,48931,0.1,176151.6
1356,2026-04-23,Priya,Female,Hyderabad,South,Furniture,Chair,2,33698,0.15,57286.6
1357,2026-10-28,Ramesh,Male,Chennai,South,Furniture,Sofa,1,33887,0.05,32192.65
1358,2026-03-19,Anjali,Male,Pune,West,Grocery,Sugar,3,34601,0.1,93422.7
1359,2026-02-19,Priya,Male,Hyderabad,South,Clothing,Shirt,1,30368,0.05,28849.6
1360,2026-12-31,Priya,Male,Chennai,South,Electronics,Mobile,5,35625,0.0,178125.0
1361,2026-12-15,Vijay,Male,Chennai,South,Clothing,Shoes,2,16470,0.0,32940.0
1362,2026-12-22,Sneha,Female,Mumbai,West,Electronics,Laptop,2,25379,0.0,50758.0
1363,2026-11-09,Anjali,Female,Mumbai,West,Clothing,Shoes,2,29412,0.15,50000.4
1364,2026-02-26,Kiran,Female,Hyderabad,South,Clothing,Jeans,4,7631,0.15,25945.4
1365,2026-12-08,Anjali,Male,Hyderabad,South,Grocery,Rice,4,37581,0.05,142807.8
1366,2026-07-01,Kiran,Female,Chennai,South,Furniture,Table,2,32691,0.15,55574.7
1367,2026-08-16,Vijay,Male,Hyderabad,South,Electronics,Mobile,4,41900,0.0,167600.0
1368,2026-07-15,Rahul,Male,Mumbai,West,Clothing,Jeans,3,38428,0.0,115284.0
1369,2026-07-22,Anjali,Female,Chennai,South,Furniture,Table,2,49923,0.15,84869.1
1370,2026-05-22,Ramesh,Male,Delhi,North,Clothing,Jeans,4,36827,0.15,125211.8
1371,2026-11-01,Priya,Male,Bangalore,South,Electronics,Mobile,5,34621,0.0,173105.0
1372,2026-06-27,Arjun,Female,Hyderabad,South,Electronics,Laptop,5,25100,0.0,125500.0
1373,2026-03-02,Rahul,Female,Bangalore,South,Electronics,Headphones,1,9979,0.0,9979.0
1374,2026-07-17,Rahul,Male,Bangalore,South,Furniture,Chair,1,21108,0.05,20052.6
1375,2026-02-26,Rahul,Female,Bangalore,South,Electronics,Laptop,2,14457,0.15,24576.9
1376,2026-03-17,Vijay,Male,Bangalore,South,Grocery,Sugar,5,3850,0.05,18287.5
1377,2026-08-31,Kiran,Male,Pune,West,Grocery,Sugar,2,17094,0.15,29059.8
1378,2026-08-02,Kiran,Female,Delhi,North,Grocery,Oil,4,30673,0.15,104288.2
1379,2026-06-17,Rahul,Female,Delhi,North,Furniture,Table,4,15039,0.05,57148.2
1380,2026-09-11,Priya,Female,Bangalore,South,Electronics,Headphones,2,16380,0.15,27846.0
1381,2026-06-16,Anjali,Male,Mumbai,West,Electronics,Mobile,4,18758,0.05,71280.4
1382,2026-11-03,Priya,Female,Hyderabad,South,Furniture,Table,3,32758,0.0,98274.0
1383,2026-02-16,Kiran,Female,Mumbai,West,Clothing,Shirt,4,7339,0.1,26420.4
1384,2026-09-25,Rahul,Male,Pune,West,Grocery,Oil,2,7071,0.15,12020.7
1385,2026-02-09,Sneha,Male,Chennai,South,Electronics,Headphones,3,14037,0.1,37899.9
1386,2026-04-17,Arjun,Female,Mumbai,West,Electronics,Headphones,5,47071,0.15,200051.75
1387,2026-01-12,Priya,Female,Pune,West,Clothing,Jeans,3,2691,0.0,8073.0
1388,2026-06-11,Anjali,Female,Hyderabad,South,Furniture,Chair,5,49921,0.0,249605.0
1389,2026-10-10,Arjun,Male,Pune,West,Clothing,Shoes,3,8538,0.15,21771.9
1390,2026-05-13,Priya,Male,Chennai,South,Electronics,Laptop,4,24317,0.05,92404.6
1391,2026-05-14,Priya,Female,Mumbai,West,Electronics,Laptop,4,44617,0.05,169544.6
1392,2026-08-01,Vijay,Female,Mumbai,West,Electronics,Headphones,2,46543,0.15,79123.1
1393,2026-06-05,Vijay,Female,Pune,West,Furniture,Table,2,4179,0.0,8358.0
1394,2026-02-10,Priya,Male,Pune,West,Electronics,Laptop,3,18199,0.05,51867.15
1395,2026-05-30,Ramesh,Male,Bangalore,South,Clothing,Shoes,1,18810,0.15,15988.5
1396,2026-07-31,Arjun,Female,Mumbai,West,Furniture,Table,3,9222,0.0,27666.0
1397,2026-07-20,Anjali,Female,Bangalore,South,Clothing,Shoes,4,2058,0.05,7820.4
1398,2026-10-30,Sneha,Male,Hyderabad,South,Grocery,Sugar,3,33309,0.0,99927.0
1399,2026-05-22,Anjali,Female,Delhi,North,Furniture,Chair,5,44433,0.15,188840.25
1400,2026-07-29,Priya,Male,Hyderabad,South,Furniture,Chair,3,29616,0.1,79963.2
1401,2026-02-15,Sneha,Female,Pune,West,Furniture,Sofa,3,17861,0.15,45545.55
1402,2026-11-30,Priya,Female,Mumbai,West,Electronics,Mobile,3,46838,0.05,133488.3
1403,2026-05-30,Vijay,Male,Hyderabad,South,Electronics,Mobile,2,47817,0.1,86070.6
1404,2026-07-20,Anjali,Female,Chennai,South,Clothing,Shoes,3,42509,0.1,114774.3
1405,2026-05-01,Anjali,Male,Delhi,North,Furniture,Table,1,11102,0.15,9436.7
1406,2026-10-13,Ramesh,Female,Mumbai,West,Clothing,Jeans,5,14240,0.15,60520.0
1407,2026-11-30,Sneha,Male,Hyderabad,South,Grocery,Rice,3,29592,0.1,79898.4
1408,2026-03-27,Ramesh,Female,Mumbai,West,Furniture,Table,1,40672,0.05,38638.4
1409,2026-02-19,Arjun,Male,Delhi,North,Clothing,Shirt,4,878,0.15,2985.2
1410,2026-07-20,Arjun,Male,Delhi,North,Electronics,Laptop,3,7951,0.0,23853.0
1411,2026-03-06,Vijay,Male,Mumbai,West,Furniture,Chair,2,49979,0.15,84964.3
1412,2026-11-04,Arjun,Female,Mumbai,West,Clothing,Jeans,1,45814,0.05,43523.3
1413,2026-11-07,Kiran,Female,Delhi,North,Furniture,Table,4,12566,0.15,42724.4
1414,2026-12-08,Anjali,Female,Mumbai,West,Grocery,Oil,4,49168,0.1,177004.8
1415,2026-03-28,Sneha,Female,Bangalore,South,Furniture,Sofa,1,42852,0.15,36424.2
1416,2026-09-19,Rahul,Male,Pune,West,Electronics,Mobile,1,6816,0.15,5793.6
1417,2026-04-19,Ramesh,Male,Chennai,South,Grocery,Oil,1,45596,0.0,45596.0
1418,2026-05-21,Arjun,Female,Pune,West,Furniture,Chair,4,30619,0.0,122476.0
1419,2026-12-19,Rahul,Male,Hyderabad,South,Clothing,Shirt,3,29175,0.15,74396.25
1420,2026-08-21,Ramesh,Female,Delhi,North,Electronics,Laptop,2,5582,0.05,10605.8
1421,2026-11-03,Priya,Male,Delhi,North,Electronics,Laptop,1,33723,0.0,33723.0
1422,2026-11-29,Kiran,Female,Hyderabad,South,Furniture,Chair,3,34385,0.1,92839.5
1423,2026-04-19,Anjali,Male,Delhi,North,Electronics,Headphones,4,45739,0.15,155512.6
1424,2026-01-08,Ramesh,Male,Hyderabad,South,Electronics,Mobile,4,3421,0.0,13684.0
1425,2026-06-24,Anjali,Female,Pune,West,Furniture,Table,5,826,0.0,4130.0
1426,2026-05-27,Kiran,Female,Bangalore,South,Clothing,Jeans,1,25095,0.05,23840.25
1427,2026-05-23,Ramesh,Male,Mumbai,West,Electronics,Laptop,4,44509,0.1,160232.4
1428,2026-11-03,Priya,Male,Bangalore,South,Furniture,Chair,1,49453,0.05,46980.35
1429,2026-02-08,Anjali,Male,Bangalore,South,Clothing,Jeans,3,11481,0.0,34443.0
1430,2026-06-15,Priya,Female,Mumbai,West,Clothing,Shoes,5,11877,0.0,59385.0
1431,2026-08-23,Ramesh,Male,Pune,West,Grocery,Oil,1,28769,0.15,24453.65
1432,2026-02-18,Kiran,Male,Delhi,North,Furniture,Table,5,9528,0.05,45258.0
1433,2026-04-17,Rahul,Female,Hyderabad,South,Furniture,Chair,4,10616,0.05,40340.8
1434,2026-05-02,Sneha,Female,Chennai,South,Electronics,Headphones,1,36888,0.05,35043.6
1435,2026-12-01,Ramesh,Male,Mumbai,West,Clothing,Shoes,3,13567,0.15,34595.85
1436,2026-06-16,Rahul,Female,Chennai,South,Grocery,Oil,3,1241,0.15,3164.55
1437,2026-11-17,Ramesh,Male,Mumbai,West,Electronics,Headphones,4,39432,0.15,134068.8
1438,2026-05-06,Priya,Male,Mumbai,West,Furniture,Chair,2,40479,0.05,76910.1
1439,2026-07-23,Sneha,Male,Hyderabad,South,Clothing,Shirt,2,12051,0.15,20486.7
1440,2026-12-10,Priya,Male,Mumbai,West,Electronics,Laptop,2,39848,0.05,75711.2
1441,2026-12-29,Vijay,Male,Chennai,South,Electronics,Mobile,3,7697,0.05,21936.45
1442,2026-02-06,Rahul,Female,Bangalore,South,Furniture,Table,3,2269,0.0,6807.0
1443,2026-07-20,Ramesh,Male,Delhi,North,Furniture,Sofa,4,885,0.15,3009.0
1444,2026-08-12,Vijay,Female,Delhi,North,Furniture,Sofa,4,34804,0.0,139216.0
1445,2026-06-11,Arjun,Female,Mumbai,West,Electronics,Laptop,1,2452,0.0,2452.0
1446,2026-04-19,Priya,Female,Delhi,North,Furniture,Sofa,3,46733,0.05,133189.05
1447,2026-05-19,Kiran,Female,Hyderabad,South,Electronics,Mobile,4,26232,0.15,89188.8
1448,2026-12-20,Priya,Female,Chennai,South,Electronics,Headphones,5,37872,0.1,170424.0
1449,2026-04-14,Sneha,Male,Chennai,South,Electronics,Laptop,3,20319,0.05,57909.15
1450,2026-01-05,Ramesh,Male,Bangalore,South,Furniture,Chair,5,19051,0.15,80966.75
1451,2026-09-24,Sneha,Male,Mumbai,West,Clothing,Shoes,3,1240,0.05,3534.0
1452,2026-01-05,Ramesh,Female,Mumbai,West,Clothing,Shirt,3,26186,0.15,66774.3
1453,2026-01-17,Priya,Male,Mumbai,West,Electronics,Mobile,2,48751,0.05,92626.9
1454,2026-03-16,Ramesh,Female,Bangalore,South,Grocery,Oil,2,38215,0.05,72608.5
1455,2026-06-28,Arjun,Female,Chennai,South,Furniture,Chair,3,36693,0.0,110079.0
1456,2026-06-12,Vijay,Male,Chennai,South,Clothing,Shoes,4,41962,0.0,167848.0
1457,2026-08-13,Vijay,Female,Hyderabad,South,Grocery,Rice,1,2484,0.0,2484.0
1458,2026-01-13,Kiran,Female,Chennai,South,Furniture,Table,3,2590,0.0,7770.0
1459,2026-12-15,Sneha,Male,Delhi,North,Furniture,Sofa,2,27203,0.05,51685.7
1460,2026-10-04,Vijay,Female,Chennai,South,Clothing,Jeans,2,27043,0.05,51381.7
1461,2026-09-21,Rahul,Male,Bangalore,South,Electronics,Headphones,1,27910,0.1,25119.0
1462,2026-02-06,Ramesh,Male,Pune,West,Furniture,Sofa,1,3463,0.0,3463.0
1463,2026-05-07,Ramesh,Female,Delhi,North,Electronics,Laptop,4,7395,0.0,29580.0
1464,2026-09-17,Sneha,Male,Chennai,South,Clothing,Shoes,1,21381,0.05,20311.95
1465,2026-06-22,Vijay,Female,Pune,West,Furniture,Sofa,3,41969,0.15,107020.95
1466,2026-03-07,Vijay,Male,Delhi,North,Electronics,Headphones,3,8649,0.15,22054.95
1467,2026-01-13,Vijay,Male,Bangalore,South,Clothing,Jeans,4,39333,0.05,149465.4
1468,2026-04-30,Sneha,Male,Mumbai,West,Clothing,Shoes,3,3051,0.1,8237.7
1469,2026-08-21,Sneha,Male,Chennai,South,Clothing,Shirt,5,28554,0.0,142770.0
1470,2026-08-02,Kiran,Male,Delhi,North,Electronics,Headphones,5,23964,0.0,119820.0
1471,2026-05-28,Vijay,Female,Pune,West,Clothing,Jeans,4,1689,0.15,5742.6
1472,2026-12-01,Sneha,Female,Pune,West,Clothing,Jeans,4,8344,0.15,28369.6
1473,2026-10-17,Rahul,Female,Mumbai,West,Electronics,Headphones,2,9327,0.1,16788.6
1474,2026-03-20,Ramesh,Male,Bangalore,South,Furniture,Sofa,1,14127,0.0,14127.0
1475,2026-10-21,Ramesh,Male,Hyderabad,South,Clothing,Shirt,2,3267,0.05,6207.3
1476,2026-11-16,Arjun,Female,Bangalore,South,Grocery,Rice,5,15375,0.0,76875.0
1477,2026-06-11,Anjali,Female,Chennai,South,Electronics,Laptop,3,32502,0.0,97506.0
1478,2026-06-26,Sneha,Female,Mumbai,West,Clothing,Shoes,3,43248,0.1,116769.6
1479,2026-08-06,Arjun,Male,Mumbai,West,Furniture,Chair,1,32541,0.1,29286.9
1480,2026-08-01,Arjun,Male,Mumbai,West,Furniture,Chair,2,6418,0.1,11552.4
1481,2026-10-08,Sneha,Male,Delhi,North,Electronics,Laptop,4,33390,0.0,133560.0
1482,2026-04-11,Sneha,Female,Delhi,North,Grocery,Sugar,3,1416,0.05,4035.6
1483,2026-09-13,Sneha,Male,Mumbai,West,Grocery,Rice,3,1619,0.05,4614.15
1484,2026-08-17,Arjun,Female,Mumbai,West,Electronics,Headphones,1,13424,0.05,12752.8
1485,2026-04-10,Arjun,Male,Bangalore,South,Grocery,Rice,1,30254,0.05,28741.3
1486,2026-09-20,Anjali,Female,Delhi,North,Electronics,Mobile,1,18235,0.15,15499.75
1487,2026-11-06,Sneha,Male,Chennai,South,Grocery,Oil,4,19704,0.15,66993.6
1488,2026-04-28,Sneha,Female,Mumbai,West,Electronics,Headphones,3,7580,0.0,22740.0
1489,2026-01-13,Arjun,Female,Delhi,North,Grocery,Sugar,5,44717,0.05,212405.75
1490,2026-06-12,Ramesh,Male,Bangalore,South,Clothing,Shirt,4,37361,0.05,141971.8
1491,2026-06-20,Ramesh,Female,Pune,West,Electronics,Mobile,4,24187,0.0,96748.0
1492,2026-06-05,Vijay,Male,Bangalore,South,Grocery,Oil,1,20407,0.1,18366.3
1493,2026-06-30,Rahul,Male,Hyderabad,South,Grocery,Oil,4,3966,0.05,15070.8
1494,2026-08-12,Arjun,Male,Pune,West,Electronics,Mobile,5,15593,0.1,70168.5
1495,2026-01-16,Vijay,Male,Hyderabad,South,Furniture,Table,4,20193,0.15,68656.2
1496,2026-11-27,Vijay,Male,Delhi,North,Grocery,Rice,4,21036,0.15,71522.4
1497,2026-06-06,Rahul,Female,Hyderabad,South,Grocery,Rice,3,45771,0.1,123581.7
1498,2026-08-06,Anjali,Female,Mumbai,West,Electronics,Headphones,4,39482,0.15,134238.8
1499,2026-05-23,Vijay,Female,Hyderabad,South,Furniture,Chair,4,12821,0.1,46155.6
1500,2026-07-18,Rahul,Male,Pune,West,Electronics,Laptop,3,46269,0.15,117985.95
1501,2026-09-24,Arjun,Male,Bangalore,South,Electronics,Mobile,3,23952,0.1,64670.4
1502,2026-02-18,Kiran,Female,Mumbai,West,Furniture,Sofa,4,8782,0.0,35128.0
1503,2026-06-08,Ramesh,Female,Pune,West,Grocery,Oil,4,42652,0.1,153547.2
1504,2026-09-05,Sneha,Male,Bangalore,South,Clothing,Shirt,2,6039,0.0,12078.0
1505,2026-03-02,Rahul,Male,Bangalore,South,Clothing,Shoes,2,47218,0.15,80270.6
1506,2026-08-11,Sneha,Male,Pune,West,Electronics,Mobile,2,31533,0.05,59912.7
1507,2026-04-18,Ramesh,Male,Pune,West,Clothing,Shirt,4,592,0.1,2131.2
1508,2026-03-11,Ramesh,Female,Chennai,South,Electronics,Mobile,3,14079,0.15,35901.45
1509,2026-11-28,Priya,Male,Mumbai,West,Furniture,Sofa,2,10785,0.0,21570.0
1510,2026-09-17,Anjali,Male,Hyderabad,South,Clothing,Shoes,2,30973,0.05,58848.7
1511,2026-10-26,Arjun,Female,Delhi,North,Furniture,Chair,2,34164,0.1,61495.2
1512,2026-12-18,Anjali,Male,Bangalore,South,Clothing,Shoes,5,18893,0.15,80295.25
1513,2026-03-29,Rahul,Female,Pune,West,Electronics,Headphones,1,45342,0.15,38540.7
1514,2026-04-11,Anjali,Female,Delhi,North,Clothing,Shirt,5,22701,0.15,96479.25
1515,2026-06-19,Anjali,Female,Mumbai,West,Clothing,Shoes,3,24632,0.15,62811.6
1516,2026-12-15,Priya,Female,Bangalore,South,Furniture,Sofa,5,15614,0.0,78070.0
1517,2026-09-05,Kiran,Male,Delhi,North,Electronics,Mobile,4,23916,0.05,90880.8
1518,2026-08-29,Priya,Female,Bangalore,South,Furniture,Chair,1,27328,0.1,24595.2
1519,2026-12-25,Priya,Female,Mumbai,West,Electronics,Mobile,3,40646,0.0,121938.0
1520,2026-06-30,Priya,Female,Pune,West,Electronics,Mobile,5,41175,0.0,205875.0
1521,2026-12-31,Anjali,Female,Mumbai,West,Electronics,Mobile,1,15517,0.05,14741.15
1522,2026-07-12,Ramesh,Female,Bangalore,South,Furniture,Sofa,1,20684,0.0,20684.0
1523,2026-07-16,Vijay,Male,Bangalore,South,Grocery,Rice,1,19264,0.15,16374.4
1524,2026-04-19,Anjali,Male,Chennai,South,Electronics,Headphones,4,10621,0.1,38235.6
1525,2026-10-06,Rahul,Female,Bangalore,South,Grocery,Rice,5,4657,0.15,19792.25
1526,2026-05-27,Vijay,Male,Bangalore,South,Grocery,Rice,5,39564,0.15,168147.0
1527,2026-09-28,Priya,Male,Pune,West,Grocery,Oil,1,21054,0.15,17895.9
1528,2026-07-08,Anjali,Female,Hyderabad,South,Furniture,Sofa,3,45195,0.1,122026.5
1529,2026-06-30,Vijay,Female,Delhi,North,Grocery,Oil,4,16773,0.0,67092.0
1530,2026-09-06,Anjali,Female,Delhi,North,Electronics,Headphones,5,37644,0.0,188220.0
1531,2026-03-26,Arjun,Female,Pune,West,Electronics,Laptop,2,23018,0.1,41432.4
1532,2026-02-07,Priya,Male,Chennai,South,Grocery,Sugar,4,12351,0.15,41993.4
1533,2026-11-10,Rahul,Female,Mumbai,West,Furniture,Chair,5,22512,0.1,101304.0
1534,2026-02-16,Sneha,Female,Pune,West,Electronics,Laptop,3,16689,0.0,50067.0
1535,2026-09-29,Priya,Male,Pune,West,Electronics,Mobile,5,18475,0.0,92375.0
1536,2026-01-09,Ramesh,Male,Bangalore,South,Clothing,Shoes,2,31586,0.05,60013.4
1537,2026-04-21,Ramesh,Male,Bangalore,South,Clothing,Shirt,1,28583,0.15,24295.55
1538,2026-02-20,Anjali,Male,Delhi,North,Electronics,Mobile,1,38178,0.0,38178.0
1539,2026-06-16,Arjun,Female,Hyderabad,South,Furniture,Table,3,23849,0.0,71547.0
1540,2026-03-14,Arjun,Female,Hyderabad,South,Electronics,Mobile,3,780,0.0,2340.0
1541,2026-02-18,Anjali,Female,Pune,West,Grocery,Rice,3,36276,0.1,97945.2
1542,2026-09-28,Anjali,Female,Delhi,North,Furniture,Chair,1,39974,0.05,37975.3
1543,2026-03-19,Rahul,Male,Mumbai,West,Clothing,Shirt,3,24718,0.15,63030.9
1544,2026-12-05,Sneha,Male,Pune,West,Clothing,Shirt,4,23355,0.1,84078.0
1545,2026-10-10,Vijay,Female,Hyderabad,South,Electronics,Headphones,5,18724,0.0,93620.0
1546,2026-02-12,Rahul,Male,Delhi,North,Grocery,Oil,3,35631,0.15,90859.05
1547,2026-11-09,Arjun,Female,Mumbai,West,Furniture,Sofa,2,19577,0.1,35238.6
1548,2026-03-24,Priya,Female,Pune,West,Grocery,Sugar,3,11989,0.15,30571.95
1549,2026-02-22,Priya,Male,Mumbai,West,Grocery,Rice,1,21615,0.05,20534.25
1550,2026-11-30,Arjun,Female,Chennai,South,Grocery,Rice,1,10908,0.15,9271.8
1551,2026-07-16,Priya,Female,Chennai,South,Electronics,Mobile,2,16502,0.05,31353.8
1552,2026-03-25,Sneha,Male,Pune,West,Furniture,Sofa,4,39300,0.0,157200.0
1553,2026-01-29,Vijay,Female,Pune,West,Furniture,Sofa,5,37723,0.15,160322.75
1554,2026-01-17,Rahul,Female,Bangalore,South,Electronics,Laptop,2,38656,0.05,73446.4
1555,2026-08-07,Ramesh,Female,Bangalore,South,Electronics,Mobile,1,2088,0.05,1983.6
1556,2026-07-27,Rahul,Female,Chennai,South,Furniture,Table,2,32188,0.1,57938.4
1557,2026-08-07,Arjun,Male,Bangalore,South,Clothing,Jeans,2,32282,0.1,58107.6
1558,2026-04-18,Priya,Female,Pune,West,Grocery,Sugar,1,46105,0.15,39189.25
1559,2026-11-19,Sneha,Male,Chennai,South,Furniture,Table,5,19333,0.05,91831.75
1560,2026-08-21,Priya,Female,Chennai,South,Clothing,Shirt,1,29331,0.05,27864.45
1561,2026-03-24,Rahul,Male,Chennai,South,Grocery,Oil,5,40487,0.0,202435.0
1562,2026-02-17,Arjun,Male,Bangalore,South,Electronics,Headphones,3,37625,0.1,101587.5
1563,2026-10-28,Anjali,Male,Pune,West,Grocery,Oil,1,41343,0.0,41343.0
1564,2026-03-14,Arjun,Female,Hyderabad,South,Electronics,Headphones,1,40685,0.15,34582.25
1565,2026-10-10,Sneha,Female,Bangalore,South,Grocery,Oil,1,37805,0.05,35914.75
1566,2026-05-12,Arjun,Male,Chennai,South,Grocery,Sugar,5,29138,0.1,131121.0
1567,2026-09-30,Priya,Male,Hyderabad,South,Furniture,Table,3,30043,0.15,76609.65
1568,2026-09-02,Kiran,Male,Hyderabad,South,Clothing,Jeans,4,28427,0.1,102337.2
1569,2026-03-10,Priya,Female,Mumbai,West,Furniture,Sofa,1,22620,0.05,21489.0
1570,2026-11-10,Ramesh,Male,Bangalore,South,Grocery,Sugar,5,27686,0.05,131508.5
1571,2026-05-07,Priya,Female,Bangalore,South,Clothing,Shoes,2,1461,0.05,2775.9
1572,2026-11-17,Kiran,Female,Chennai,South,Furniture,Chair,3,34861,0.05,99353.85
1573,2026-04-17,Ramesh,Male,Chennai,South,Clothing,Shoes,2,23348,0.0,46696.0
1574,2026-02-25,Priya,Male,Hyderabad,South,Grocery,Rice,5,21228,0.05,100833.0
1575,2026-06-17,Anjali,Female,Bangalore,South,Electronics,Mobile,3,5407,0.05,15409.95
1576,2026-03-04,Sneha,Female,Mumbai,West,Furniture,Chair,4,7797,0.05,29628.6
1577,2026-09-13,Kiran,Male,Chennai,South,Clothing,Shirt,5,23399,0.05,111145.25
1578,2026-08-30,Ramesh,Male,Chennai,South,Clothing,Shoes,1,25498,0.1,22948.2
1579,2026-07-21,Anjali,Male,Pune,West,Clothing,Shirt,5,49896,0.0,249480.0
1580,2026-03-24,Priya,Female,Bangalore,South,Furniture,Sofa,5,47506,0.15,201900.5
1581,2026-10-04,Arjun,Male,Delhi,North,Electronics,Headphones,2,3706,0.0,7412.0
1582,2026-02-01,Kiran,Female,Bangalore,South,Grocery,Rice,5,46490,0.05,220827.5
1583,2026-11-10,Kiran,Female,Delhi,North,Grocery,Oil,2,1300,0.05,2470.0
1584,2026-04-19,Priya,Male,Hyderabad,South,Electronics,Laptop,5,236,0.05,1121.0
1585,2026-03-17,Kiran,Female,Pune,West,Electronics,Mobile,5,32954,0.0,164770.0
1586,2026-06-14,Kiran,Male,Chennai,South,Clothing,Shirt,1,46464,0.1,41817.6
1587,2026-04-14,Arjun,Female,Pune,West,Grocery,Sugar,5,5620,0.1,25290.0
1588,2026-08-23,Vijay,Female,Delhi,North,Clothing,Jeans,1,41780,0.05,39691.0
1589,2026-04-25,Anjali,Female,Chennai,South,Clothing,Jeans,2,47186,0.15,80216.2
1590,2026-06-01,Vijay,Male,Hyderabad,South,Clothing,Shoes,3,47321,0.1,127766.7
1591,2026-01-19,Priya,Female,Delhi,North,Electronics,Headphones,1,19489,0.0,19489.0
1592,2026-05-21,Sneha,Male,Bangalore,South,Electronics,Laptop,2,30149,0.1,54268.2
1593,2026-09-02,Vijay,Male,Bangalore,South,Electronics,Headphones,5,10899,0.0,54495.0
1594,2026-11-10,Ramesh,Male,Delhi,North,Furniture,Table,1,15910,0.1,14319.0
1595,2026-09-08,Arjun,Male,Delhi,North,Electronics,Laptop,1,39182,0.0,39182.0
1596,2026-01-25,Sneha,Female,Delhi,North,Electronics,Headphones,2,30175,0.15,51297.5
1597,2026-12-02,Ramesh,Male,Hyderabad,South,Grocery,Rice,5,33372,0.05,158517.0
1598,2026-12-05,Priya,Female,Mumbai,West,Furniture,Table,1,29994,0.05,28494.3
1599,2026-01-30,Ramesh,Female,Hyderabad,South,Electronics,Headphones,3,4334,0.0,13002.0
1600,2026-12-26,Anjali,Male,Bangalore,South,Furniture,Table,4,27474,0.0,109896.0
1601,2026-11-18,Arjun,Male,Mumbai,West,Grocery,Rice,1,37648,0.05,35765.6
1602,2026-11-19,Priya,Male,Pune,West,Furniture,Chair,3,26445,0.0,79335.0
1603,2026-11-27,Rahul,Male,Pune,West,Clothing,Shoes,4,22110,0.15,75174.0
1604,2026-09-13,Ramesh,Male,Chennai,South,Grocery,Sugar,3,33765,0.05,96230.25
1605,2026-02-17,Ramesh,Female,Mumbai,West,Furniture,Table,5,44635,0.1,200857.5
1606,2026-11-14,Kiran,Female,Hyderabad,South,Clothing,Jeans,5,3539,0.0,17695.0
1607,2026-01-29,Priya,Male,Bangalore,South,Grocery,Rice,3,24355,0.15,62105.25
1608,2026-08-03,Kiran,Male,Mumbai,West,Electronics,Headphones,4,34793,0.0,139172.0
1609,2026-09-02,Sneha,Female,Delhi,North,Grocery,Oil,4,589,0.0,2356.0
1610,2026-01-16,Vijay,Female,Bangalore,South,Grocery,Oil,5,39278,0.05,186570.5
1611,2026-08-10,Anjali,Female,Chennai,South,Electronics,Laptop,3,10725,0.05,30566.25
1612,2026-12-12,Kiran,Female,Mumbai,West,Furniture,Sofa,1,19045,0.05,18092.75
1613,2026-06-15,Priya,Female,Pune,West,Grocery,Rice,1,37202,0.1,33481.8
1614,2026-04-20,Arjun,Male,Delhi,North,Electronics,Mobile,5,22595,0.15,96028.75
1615,2026-07-26,Anjali,Female,Mumbai,West,Furniture,Table,2,48664,0.1,87595.2
1616,2026-06-10,Anjali,Female,Pune,West,Grocery,Oil,5,22967,0.15,97609.75
1617,2026-06-12,Kiran,Male,Hyderabad,South,Electronics,Headphones,5,20984,0.15,89182.0
1618,2026-08-05,Vijay,Female,Mumbai,West,Grocery,Oil,2,20243,0.05,38461.7
1619,2026-03-18,Sneha,Female,Chennai,South,Grocery,Sugar,5,12842,0.15,54578.5
1620,2026-02-07,Vijay,Male,Bangalore,South,Grocery,Sugar,1,21472,0.15,18251.2
1621,2026-03-02,Rahul,Male,Mumbai,West,Grocery,Sugar,5,9406,0.15,39975.5
1622,2026-10-18,Anjali,Male,Delhi,North,Furniture,Sofa,5,19312,0.0,96560.0
1623,2026-10-31,Arjun,Male,Chennai,South,Electronics,Headphones,3,49153,0.1,132713.1
1624,2026-07-02,Kiran,Female,Pune,West,Clothing,Shoes,2,17475,0.15,29707.5
1625,2026-12-07,Arjun,Female,Chennai,South,Clothing,Shoes,3,46387,0.0,139161.0
1626,2026-06-20,Rahul,Female,Chennai,South,Electronics,Laptop,5,4578,0.1,20601.0
1627,2026-12-09,Vijay,Male,Delhi,North,Furniture,Chair,4,48275,0.1,173790.0
1628,2026-02-20,Arjun,Female,Pune,West,Clothing,Shoes,4,3362,0.1,12103.2
1629,2026-06-15,Ramesh,Female,Bangalore,South,Grocery,Oil,1,2317,0.15,1969.45
1630,2026-07-01,Rahul,Female,Chennai,South,Grocery,Sugar,5,19710,0.1,88695.0
1631,2026-12-11,Ramesh,Female,Chennai,South,Electronics,Laptop,1,670,0.1,603.0
1632,2026-07-12,Kiran,Female,Bangalore,South,Clothing,Shoes,1,7082,0.15,6019.7
1633,2026-04-03,Sneha,Female,Mumbai,West,Clothing,Jeans,2,23570,0.0,47140.0
1634,2026-02-12,Kiran,Female,Bangalore,South,Grocery,Oil,1,8666,0.1,7799.4
1635,2026-03-31,Sneha,Male,Pune,West,Grocery,Oil,3,40191,0.15,102487.05
1636,2026-10-19,Sneha,Female,Delhi,North,Clothing,Shirt,1,19273,0.05,18309.35
1637,2026-10-23,Rahul,Female,Chennai,South,Grocery,Sugar,4,23659,0.0,94636.0
1638,2026-02-14,Priya,Male,Hyderabad,South,Grocery,Sugar,3,19050,0.15,48577.5
1639,2026-10-20,Rahul,Male,Chennai,South,Electronics,Headphones,1,28950,0.15,24607.5
1640,2026-10-03,Anjali,Male,Hyderabad,South,Grocery,Sugar,5,3905,0.05,18548.75
1641,2026-12-16,Arjun,Male,Delhi,North,Furniture,Chair,1,36003,0.05,34202.85
1642,2026-02-27,Rahul,Male,Pune,West,Furniture,Table,2,17578,0.15,29882.6
1643,2026-09-28,Arjun,Female,Mumbai,West,Clothing,Jeans,2,31747,0.15,53969.9
1644,2026-10-23,Anjali,Female,Chennai,South,Electronics,Mobile,1,14219,0.15,12086.15
1645,2026-01-28,Ramesh,Female,Chennai,South,Clothing,Shirt,4,17133,0.1,61678.8
1646,2026-08-11,Rahul,Female,Delhi,North,Electronics,Laptop,2,11449,0.15,19463.3
1647,2026-10-29,Vijay,Female,Pune,West,Furniture,Sofa,2,24026,0.1,43246.8
1648,2026-08-26,Vijay,Male,Delhi,North,Grocery,Oil,2,1547,0.15,2629.9
1649,2026-08-11,Kiran,Female,Mumbai,West,Grocery,Oil,1,19620,0.1,17658.0
1650,2026-10-05,Arjun,Male,Hyderabad,South,Furniture,Table,5,41285,0.0,206425.0
1651,2026-11-15,Kiran,Male,Bangalore,South,Furniture,Chair,2,9586,0.1,17254.8
1652,2026-03-23,Arjun,Female,Delhi,North,Electronics,Laptop,4,28478,0.0,113912.0
1653,2026-09-06,Priya,Female,Hyderabad,South,Furniture,Table,3,6687,0.1,18054.9
1654,2026-08-12,Sneha,Female,Bangalore,South,Grocery,Sugar,4,33054,0.0,132216.0
1655,2026-03-18,Ramesh,Female,Delhi,North,Electronics,Laptop,1,1352,0.05,1284.4
1656,2026-03-13,Ramesh,Male,Bangalore,South,Clothing,Shoes,4,22623,0.1,81442.8
1657,2026-05-11,Arjun,Female,Chennai,South,Clothing,Shoes,4,16536,0.05,62836.8
1658,2026-03-13,Sneha,Male,Bangalore,South,Grocery,Oil,5,6955,0.1,31297.5
1659,2026-07-06,Anjali,Male,Pune,West,Clothing,Shoes,2,20966,0.15,35642.2
1660,2026-05-07,Ramesh,Male,Chennai,South,Furniture,Chair,5,49559,0.0,247795.0
1661,2026-01-13,Arjun,Male,Pune,West,Electronics,Mobile,4,20042,0.1,72151.2
1662,2026-12-03,Sneha,Female,Bangalore,South,Clothing,Shirt,4,19031,0.0,76124.0
1663,2026-02-27,Vijay,Female,Hyderabad,South,Electronics,Headphones,5,48500,0.15,206125.0
1664,2026-07-06,Arjun,Male,Chennai,South,Electronics,Headphones,3,11837,0.1,31959.9
1665,2026-09-03,Rahul,Male,Delhi,North,Electronics,Laptop,5,17370,0.05,82507.5
1666,2026-08-09,Sneha,Female,Hyderabad,South,Clothing,Shoes,5,39619,0.05,188190.25
1667,2026-02-24,Ramesh,Female,Bangalore,South,Electronics,Headphones,5,47864,0.15,203422.0
1668,2026-12-30,Kiran,Male,Chennai,South,Grocery,Sugar,1,32023,0.05,30421.85
1669,2026-07-01,Kiran,Male,Mumbai,West,Clothing,Shirt,1,31127,0.0,31127.0
1670,2026-10-15,Kiran,Female,Mumbai,West,Furniture,Sofa,2,3891,0.0,7782.0
1671,2026-06-04,Sneha,Female,Hyderabad,South,Electronics,Mobile,1,27627,0.15,23482.95
1672,2026-06-20,Kiran,Male,Hyderabad,South,Furniture,Table,3,28910,0.1,78057.0
1673,2026-02-25,Sneha,Female,Hyderabad,South,Grocery,Oil,5,10040,0.0,50200.0
1674,2026-11-06,Vijay,Male,Bangalore,South,Clothing,Shirt,5,291,0.1,1309.5
1675,2026-05-29,Priya,Female,Hyderabad,South,Furniture,Sofa,3,23483,0.0,70449.0
1676,2026-07-03,Sneha,Female,Chennai,South,Furniture,Sofa,1,9321,0.1,8388.9
1677,2026-08-06,Ramesh,Male,Bangalore,South,Clothing,Shoes,5,32423,0.05,154009.25
1678,2026-04-15,Anjali,Male,Mumbai,West,Clothing,Shirt,4,3459,0.0,13836.0
1679,2026-08-26,Vijay,Female,Mumbai,West,Clothing,Shoes,2,31071,0.1,55927.8
1680,2026-10-23,Ramesh,Male,Chennai,South,Grocery,Rice,2,12597,0.15,21414.9
1681,2026-05-17,Kiran,Female,Mumbai,West,Grocery,Oil,4,20489,0.15,69662.6
1682,2026-03-08,Rahul,Female,Mumbai,West,Furniture,Sofa,5,40546,0.05,192593.5
1683,2026-12-26,Rahul,Male,Pune,West,Clothing,Jeans,1,9597,0.15,8157.45
1684,2026-04-23,Kiran,Male,Chennai,South,Grocery,Rice,3,19838,0.15,50586.9
1685,2026-06-11,Kiran,Male,Mumbai,West,Electronics,Laptop,4,15741,0.1,56667.6
1686,2026-07-02,Vijay,Male,Bangalore,South,Grocery,Sugar,4,20666,0.15,70264.4
1687,2026-12-06,Ramesh,Female,Pune,West,Electronics,Mobile,3,24029,0.0,72087.0
1688,2026-10-21,Arjun,Male,Pune,West,Electronics,Mobile,5,28228,0.15,119969.0
1689,2026-10-04,Vijay,Male,Bangalore,South,Clothing,Jeans,4,26001,0.0,104004.0
1690,2026-12-30,Kiran,Male,Bangalore,South,Electronics,Mobile,1,29646,0.15,25199.1
1691,2026-12-26,Kiran,Female,Mumbai,West,Furniture,Table,5,13126,0.05,62348.5
1692,2026-07-19,Kiran,Male,Chennai,South,Grocery,Oil,2,7447,0.0,14894.0
1693,2026-02-06,Vijay,Male,Delhi,North,Grocery,Rice,2,34584,0.1,62251.2
1694,2026-08-28,Rahul,Male,Delhi,North,Clothing,Shirt,5,17068,0.1,76806.0
1695,2026-11-28,Kiran,Female,Mumbai,West,Furniture,Table,3,18495,0.15,47162.25
1696,2026-04-04,Ramesh,Male,Delhi,North,Furniture,Sofa,5,41791,0.05,198507.25
1697,2026-02-21,Ramesh,Female,Bangalore,South,Electronics,Headphones,2,46426,0.1,83566.8
1698,2026-11-17,Ramesh,Male,Hyderabad,South,Furniture,Table,5,10450,0.0,52250.0
1699,2026-01-22,Sneha,Male,Bangalore,South,Clothing,Jeans,5,5554,0.0,27770.0
1700,2026-03-31,Arjun,Male,Delhi,North,Grocery,Oil,1,37492,0.05,35617.4
1701,2026-08-27,Vijay,Male,Pune,West,Electronics,Mobile,5,6609,0.05,31392.75
1702,2026-09-02,Vijay,Male,Pune,West,Electronics,Headphones,5,10068,0.1,45306.0
1703,2026-01-26,Kiran,Male,Mumbai,West,Clothing,Shirt,2,506,0.0,1012.0
1704,2026-05-26,Anjali,Male,Bangalore,South,Grocery,Oil,3,30243,0.05,86192.55
1705,2026-01-19,Kiran,Male,Hyderabad,South,Clothing,Jeans,5,14819,0.15,62980.75
1706,2026-04-10,Priya,Female,Mumbai,West,Furniture,Chair,3,26614,0.15,67865.7
1707,2026-03-06,Priya,Female,Bangalore,South,Grocery,Rice,5,47566,0.05,225938.5
1708,2026-08-27,Sneha,Female,Mumbai,West,Electronics,Mobile,2,9443,0.05,17941.7
1709,2026-10-11,Vijay,Male,Chennai,South,Grocery,Oil,4,37392,0.05,142089.6
1710,2026-02-14,Rahul,Female,Bangalore,South,Furniture,Sofa,3,14636,0.1,39517.2
1711,2026-10-13,Rahul,Female,Mumbai,West,Furniture,Sofa,2,39987,0.1,71976.6
1712,2026-03-01,Rahul,Male,Bangalore,South,Clothing,Shirt,5,27456,0.1,123552.0
1713,2026-05-02,Arjun,Female,Pune,West,Electronics,Headphones,5,10689,0.05,50772.75
1714,2026-04-06,Ramesh,Male,Mumbai,West,Grocery,Rice,2,19701,0.1,35461.8
1715,2026-04-16,Priya,Male,Bangalore,South,Grocery,Oil,3,12834,0.1,34651.8
1716,2026-08-02,Vijay,Female,Hyderabad,South,Grocery,Sugar,4,43956,0.0,175824.0
1717,2026-09-04,Priya,Male,Chennai,South,Clothing,Shirt,4,18681,0.15,63515.4
1718,2026-09-27,Ramesh,Female,Chennai,South,Clothing,Shoes,1,2223,0.1,2000.7
1719,2026-03-24,Arjun,Male,Hyderabad,South,Furniture,Chair,1,1914,0.05,1818.3
1720,2026-08-25,Vijay,Female,Delhi,North,Furniture,Sofa,1,35839,0.05,34047.05
1721,2026-11-10,Sneha,Male,Hyderabad,South,Clothing,Jeans,2,25692,0.05,48814.8
1722,2026-08-14,Rahul,Male,Hyderabad,South,Electronics,Mobile,3,8407,0.15,21437.85
1723,2026-07-28,Vijay,Female,Chennai,South,Furniture,Chair,5,40249,0.0,201245.0
1724,2026-11-27,Vijay,Male,Bangalore,South,Grocery,Rice,2,25653,0.05,48740.7
1725,2026-05-24,Sneha,Male,Chennai,South,Clothing,Shoes,5,8478,0.05,40270.5
1726,2026-11-29,Anjali,Male,Mumbai,West,Furniture,Sofa,2,16559,0.15,28150.3
1727,2026-03-13,Kiran,Male,Pune,West,Clothing,Jeans,3,4786,0.1,12922.2
1728,2026-09-10,Ramesh,Female,Pune,West,Furniture,Chair,3,116,0.1,313.2
1729,2026-10-11,Sneha,Male,Mumbai,West,Electronics,Laptop,2,37683,0.15,64061.1
1730,2026-06-29,Anjali,Male,Mumbai,West,Electronics,Mobile,2,1194,0.0,2388.0
1731,2026-10-02,Arjun,Female,Delhi,North,Electronics,Headphones,4,15890,0.05,60382.0
1732,2026-10-12,Anjali,Male,Delhi,North,Grocery,Rice,3,23962,0.15,61103.1
1733,2026-12-22,Sneha,Male,Pune,West,Furniture,Table,2,39976,0.05,75954.4
1734,2026-08-09,Anjali,Female,Chennai,South,Furniture,Table,5,41889,0.05,198972.75
1735,2026-02-07,Sneha,Female,Mumbai,West,Grocery,Sugar,4,45996,0.1,165585.6
1736,2026-01-05,Anjali,Male,Hyderabad,South,Grocery,Rice,4,3221,0.05,12239.8
1737,2026-03-18,Rahul,Male,Pune,West,Furniture,Chair,2,44431,0.05,84418.9
1738,2026-06-08,Vijay,Male,Bangalore,South,Furniture,Sofa,4,1270,0.05,4826.0
1739,2026-10-15,Rahul,Male,Hyderabad,South,Electronics,Laptop,3,26306,0.0,78918.0
1740,2026-09-30,Vijay,Female,Mumbai,West,Clothing,Jeans,2,35231,0.15,59892.7
1741,2026-12-07,Anjali,Male,Pune,West,Furniture,Chair,3,31931,0.0,95793.0
1742,2026-08-13,Priya,Female,Bangalore,South,Furniture,Table,4,35522,0.0,142088.0
1743,2026-04-16,Vijay,Female,Hyderabad,South,Furniture,Chair,2,23338,0.05,44342.2
1744,2026-06-20,Priya,Male,Mumbai,West,Furniture,Table,3,44427,0.05,126616.95
1745,2026-07-01,Rahul,Male,Chennai,South,Grocery,Sugar,2,19326,0.0,38652.0
1746,2026-04-06,Arjun,Female,Bangalore,South,Grocery,Oil,4,36735,0.0,146940.0
1747,2026-02-11,Kiran,Male,Mumbai,West,Clothing,Shirt,5,33883,0.0,169415.0
1748,2026-12-29,Priya,Male,Pune,West,Grocery,Rice,1,21047,0.05,19994.65
1749,2026-03-14,Anjali,Female,Bangalore,South,Grocery,Oil,1,48549,0.15,41266.65
1750,2026-02-08,Anjali,Female,Hyderabad,South,Clothing,Shirt,2,22291,0.15,37894.7
1751,2026-02-26,Sneha,Female,Hyderabad,South,Furniture,Table,3,17893,0.1,48311.1
1752,2026-12-25,Vijay,Male,Delhi,North,Furniture,Chair,4,32183,0.0,128732.0
1753,2026-06-11,Vijay,Female,Bangalore,South,Clothing,Jeans,5,24309,0.15,103313.25
1754,2026-07-25,Kiran,Female,Mumbai,West,Clothing,Jeans,4,13831,0.05,52557.8
1755,2026-05-28,Rahul,Female,Delhi,North,Grocery,Rice,1,27664,0.15,23514.4
1756,2026-05-29,Vijay,Male,Chennai,South,Furniture,Chair,3,9715,0.1,26230.5
1757,2026-03-28,Sneha,Male,Pune,West,Furniture,Sofa,4,46516,0.0,186064.0
1758,2026-02-13,Rahul,Male,Pune,West,Grocery,Sugar,4,25356,0.05,96352.8
1759,2026-02-12,Ramesh,Male,Delhi,North,Furniture,Sofa,3,2353,0.1,6353.1
1760,2026-10-18,Arjun,Male,Chennai,South,Electronics,Headphones,5,22878,0.15,97231.5
1761,2026-11-21,Anjali,Male,Delhi,North,Clothing,Shoes,1,40642,0.05,38609.9
1762,2026-12-09,Vijay,Male,Hyderabad,South,Grocery,Sugar,1,32567,0.15,27681.95
1763,2026-01-16,Priya,Female,Pune,West,Grocery,Sugar,5,14489,0.05,68822.75
1764,2026-05-09,Ramesh,Female,Pune,West,Furniture,Chair,2,24088,0.1,43358.4
1765,2026-05-11,Anjali,Male,Delhi,North,Grocery,Oil,5,3094,0.0,15470.0
1766,2026-09-17,Priya,Female,Delhi,North,Furniture,Chair,4,36012,0.1,129643.2
1767,2026-07-07,Ramesh,Female,Chennai,South,Clothing,Shoes,5,41712,0.0,208560.0
1768,2026-07-19,Rahul,Female,Mumbai,West,Grocery,Sugar,5,10550,0.15,44837.5
1769,2026-01-20,Vijay,Male,Chennai,South,Clothing,Shoes,3,33791,0.0,101373.0
1770,2026-01-11,Sneha,Female,Chennai,South,Grocery,Sugar,3,11005,0.05,31364.25
1771,2026-08-08,Ramesh,Male,Chennai,South,Furniture,Table,4,4937,0.0,19748.0
1772,2026-11-20,Ramesh,Female,Chennai,South,Grocery,Oil,3,22986,0.0,68958.0
1773,2026-04-27,Arjun,Female,Bangalore,South,Clothing,Jeans,4,40974,0.1,147506.4
1774,2026-04-28,Sneha,Male,Delhi,North,Grocery,Rice,5,8892,0.0,44460.0
1775,2026-05-02,Priya,Female,Mumbai,West,Clothing,Shoes,1,14442,0.05,13719.9
1776,2026-01-28,Priya,Male,Pune,West,Electronics,Headphones,5,41850,0.05,198787.5
1777,2026-06-13,Sneha,Female,Hyderabad,South,Clothing,Shirt,5,46646,0.0,233230.0
1778,2026-04-03,Arjun,Male,Chennai,South,Clothing,Shirt,3,13107,0.05,37354.95
1779,2026-02-16,Arjun,Female,Pune,West,Grocery,Rice,3,14793,0.05,42160.05
1780,2026-12-03,Rahul,Male,Pune,West,Grocery,Oil,1,36458,0.05,34635.1
1781,2026-11-02,Sneha,Male,Hyderabad,South,Clothing,Jeans,1,490,0.15,416.5
1782,2026-01-04,Ramesh,Female,Mumbai,West,Electronics,Laptop,4,15384,0.15,52305.6
1783,2026-06-27,Ramesh,Male,Chennai,South,Clothing,Jeans,4,10410,0.05,39558.0
1784,2026-05-03,Priya,Male,Chennai,South,Grocery,Rice,3,47125,0.15,120168.75
1785,2026-01-16,Priya,Male,Pune,West,Electronics,Mobile,4,607,0.0,2428.0
1786,2026-02-08,Vijay,Female,Chennai,South,Furniture,Sofa,4,21000,0.0,84000.0
1787,2026-06-07,Sneha,Male,Bangalore,South,Grocery,Sugar,1,36583,0.05,34753.85
1788,2026-06-30,Kiran,Male,Bangalore,South,Grocery,Oil,4,30325,0.05,115235.0
1789,2026-03-31,Arjun,Female,Delhi,North,Electronics,Headphones,2,10173,0.1,18311.4
1790,2026-04-05,Sneha,Male,Pune,West,Grocery,Oil,3,9416,0.05,26835.6
1791,2026-01-12,Sneha,Female,Pune,West,Electronics,Mobile,1,6189,0.0,6189.0
1792,2026-06-10,Priya,Female,Chennai,South,Furniture,Chair,5,42842,0.0,214210.0
1793,2026-06-21,Sneha,Female,Delhi,North,Furniture,Table,4,5706,0.0,22824.0
1794,2026-07-05,Ramesh,Female,Chennai,South,Furniture,Sofa,2,26447,0.05,50249.3
1795,2026-07-29,Anjali,Male,Chennai,South,Furniture,Table,3,4775,0.1,12892.5
1796,2026-05-14,Rahul,Male,Bangalore,South,Electronics,Mobile,2,19727,0.1,35508.6
1797,2026-06-16,Anjali,Female,Hyderabad,South,Electronics,Headphones,3,22466,0.05,64028.1
1798,2026-05-30,Vijay,Male,Mumbai,West,Furniture,Sofa,1,42013,0.0,42013.0
1799,2026-09-28,Kiran,Male,Delhi,North,Clothing,Shirt,3,12170,0.05,34684.5
1800,2026-02-04,Sneha,Female,Chennai,South,Furniture,Sofa,3,35263,0.0,105789.0
1801,2026-01-08,Kiran,Female,Pune,West,Electronics,Laptop,3,19622,0.15,50036.1
1802,2026-05-16,Kiran,Female,Mumbai,West,Furniture,Sofa,5,29222,0.0,146110.0
1803,2026-11-23,Kiran,Male,Delhi,North,Furniture,Chair,4,6577,0.0,26308.0
1804,2026-01-01,Rahul,Male,Pune,West,Clothing,Shirt,1,14408,0.15,12246.8
1805,2026-12-11,Ramesh,Female,Pune,West,Grocery,Rice,1,33173,0.15,28197.05
1806,2026-06-20,Sneha,Male,Bangalore,South,Clothing,Jeans,1,3036,0.1,2732.4
1807,2026-11-15,Ramesh,Female,Delhi,North,Furniture,Chair,2,27381,0.1,49285.8
1808,2026-08-08,Ramesh,Female,Chennai,South,Grocery,Sugar,1,31051,0.15,26393.35
1809,2026-10-07,Vijay,Male,Pune,West,Electronics,Mobile,3,41963,0.05,119594.55
1810,2026-04-28,Rahul,Male,Pune,West,Electronics,Laptop,5,48764,0.15,207247.0
1811,2026-11-15,Anjali,Male,Bangalore,South,Clothing,Jeans,5,32213,0.1,144958.5
1812,2026-02-04,Kiran,Male,Delhi,North,Clothing,Shoes,1,3886,0.1,3497.4
1813,2026-08-21,Ramesh,Male,Bangalore,South,Clothing,Jeans,5,9743,0.15,41407.75
1814,2026-08-08,Anjali,Female,Chennai,South,Furniture,Table,3,42933,0.15,109479.15
1815,2026-05-06,Ramesh,Male,Chennai,South,Electronics,Headphones,4,45847,0.0,183388.0
1816,2026-10-21,Arjun,Female,Bangalore,South,Furniture,Table,3,17675,0.15,45071.25
1817,2026-06-22,Sneha,Female,Mumbai,West,Clothing,Jeans,4,45139,0.1,162500.4
1818,2026-03-26,Ramesh,Male,Mumbai,West,Furniture,Sofa,5,2941,0.15,12499.25
1819,2026-12-18,Sneha,Male,Hyderabad,South,Clothing,Shoes,3,31758,0.1,85746.6
1820,2026-04-13,Kiran,Male,Chennai,South,Clothing,Shoes,1,18424,0.0,18424.0
1821,2026-06-19,Kiran,Female,Delhi,North,Grocery,Oil,3,29451,0.1,79517.7
1822,2026-04-19,Ramesh,Male,Mumbai,West,Furniture,Table,3,29420,0.0,88260.0
1823,2026-05-28,Arjun,Female,Delhi,North,Clothing,Shirt,5,11540,0.1,51930.0
1824,2026-01-25,Rahul,Female,Delhi,North,Grocery,Rice,4,23564,0.05,89543.2
1825,2026-03-16,Sneha,Female,Hyderabad,South,Clothing,Shoes,1,40032,0.05,38030.4
1826,2026-01-19,Rahul,Female,Chennai,South,Furniture,Chair,3,17732,0.15,45216.6
1827,2026-05-06,Priya,Female,Hyderabad,South,Grocery,Rice,5,22599,0.0,112995.0
1828,2026-07-30,Ramesh,Female,Hyderabad,South,Grocery,Oil,5,47094,0.1,211923.0
1829,2026-12-02,Anjali,Female,Pune,West,Furniture,Chair,1,37444,0.05,35571.8
1830,2026-01-21,Rahul,Female,Bangalore,South,Clothing,Shirt,5,41104,0.05,195244.0
1831,2026-09-01,Rahul,Female,Hyderabad,South,Grocery,Sugar,2,47745,0.0,95490.0
1832,2026-01-09,Arjun,Male,Mumbai,West,Electronics,Laptop,4,45346,0.15,154176.4
1833,2026-03-10,Kiran,Male,Bangalore,South,Grocery,Rice,3,6108,0.15,15575.4
1834,2026-09-17,Rahul,Male,Mumbai,West,Furniture,Table,2,36544,0.0,73088.0
1835,2026-07-10,Sneha,Female,Bangalore,South,Electronics,Headphones,1,29803,0.1,26822.7
1836,2026-10-25,Arjun,Female,Hyderabad,South,Clothing,Shirt,3,38598,0.0,115794.0
1837,2026-07-18,Rahul,Female,Delhi,North,Grocery,Rice,2,24748,0.15,42071.6
1838,2026-07-25,Rahul,Male,Mumbai,West,Furniture,Sofa,5,17658,0.0,88290.0
1839,2026-10-03,Anjali,Male,Delhi,North,Furniture,Sofa,1,898,0.05,853.1
1840,2026-12-25,Anjali,Female,Hyderabad,South,Electronics,Mobile,1,3184,0.05,3024.8
1841,2026-12-06,Vijay,Male,Pune,West,Furniture,Table,3,29365,0.1,79285.5
1842,2026-11-14,Vijay,Female,Chennai,South,Clothing,Shoes,4,993,0.1,3574.8
1843,2026-02-04,Kiran,Female,Hyderabad,South,Grocery,Sugar,1,1615,0.1,1453.5
1844,2026-11-01,Ramesh,Female,Hyderabad,South,Furniture,Table,4,48769,0.1,175568.4
1845,2026-03-24,Rahul,Male,Pune,West,Grocery,Sugar,2,10047,0.15,17079.9
1846,2026-02-05,Ramesh,Female,Delhi,North,Electronics,Headphones,3,15981,0.05,45545.85
1847,2026-12-03,Sneha,Female,Bangalore,South,Furniture,Table,5,19681,0.0,98405.0
1848,2026-10-11,Priya,Male,Chennai,South,Clothing,Shoes,3,7137,0.05,20340.45
1849,2026-01-21,Sneha,Female,Pune,West,Electronics,Mobile,3,40637,0.15,103624.35
1850,2026-02-28,Kiran,Male,Pune,West,Furniture,Sofa,4,32579,0.05,123800.2
1851,2026-09-03,Arjun,Female,Delhi,North,Electronics,Laptop,4,44166,0.1,158997.6
1852,2026-05-03,Priya,Female,Chennai,South,Electronics,Headphones,4,3258,0.0,13032.0
1853,2026-07-06,Kiran,Male,Delhi,North,Electronics,Mobile,4,35080,0.0,140320.0
1854,2026-04-09,Anjali,Female,Chennai,South,Grocery,Rice,3,33239,0.1,89745.3
1855,2026-12-04,Rahul,Female,Delhi,North,Electronics,Headphones,1,44759,0.1,40283.1
1856,2026-10-19,Kiran,Female,Pune,West,Clothing,Shoes,3,39282,0.05,111953.7
1857,2026-12-18,Arjun,Female,Chennai,South,Clothing,Shoes,5,38348,0.05,182153.0
1858,2026-03-20,Anjali,Female,Pune,West,Grocery,Rice,5,42084,0.05,199899.0
1859,2026-07-11,Arjun,Male,Hyderabad,South,Electronics,Mobile,2,27225,0.1,49005.0
1860,2026-03-30,Vijay,Female,Pune,West,Clothing,Shoes,2,13768,0.05,26159.2
1861,2026-09-29,Rahul,Female,Delhi,North,Grocery,Rice,5,14726,0.0,73630.0
1862,2026-03-26,Kiran,Female,Hyderabad,South,Furniture,Chair,2,37093,0.15,63058.1
1863,2026-05-28,Vijay,Female,Pune,West,Clothing,Shirt,1,22952,0.0,22952.0
1864,2026-07-04,Rahul,Male,Chennai,South,Electronics,Laptop,1,39720,0.05,37734.0
1865,2026-09-08,Sneha,Male,Chennai,South,Grocery,Oil,2,45312,0.05,86092.8
1866,2026-05-12,Anjali,Male,Bangalore,South,Furniture,Chair,1,49764,0.15,42299.4
1867,2026-10-11,Rahul,Male,Bangalore,South,Furniture,Sofa,3,34435,0.0,103305.0
1868,2026-02-25,Ramesh,Male,Mumbai,West,Grocery,Oil,2,6101,0.05,11591.9
1869,2026-10-22,Arjun,Female,Bangalore,South,Clothing,Shirt,1,328,0.1,295.2
1870,2026-11-10,Anjali,Male,Hyderabad,South,Furniture,Table,3,2909,0.05,8290.65
1871,2026-11-01,Anjali,Female,Bangalore,South,Clothing,Shoes,2,16676,0.15,28349.2
1872,2026-11-28,Rahul,Male,Chennai,South,Electronics,Laptop,2,38750,0.1,69750.0
1873,2026-01-24,Vijay,Male,Chennai,South,Clothing,Shoes,1,48921,0.0,48921.0
1874,2026-04-09,Sneha,Female,Chennai,South,Clothing,Shoes,1,42010,0.15,35708.5
1875,2026-02-11,Rahul,Male,Delhi,North,Clothing,Shoes,4,18657,0.0,74628.0
1876,2026-07-26,Sneha,Female,Pune,West,Grocery,Oil,2,4468,0.05,8489.2
1877,2026-10-18,Rahul,Male,Pune,West,Furniture,Sofa,3,15004,0.15,38260.2
1878,2026-11-17,Priya,Male,Hyderabad,South,Grocery,Rice,5,35625,0.0,178125.0
1879,2026-02-23,Vijay,Female,Chennai,South,Electronics,Laptop,4,32734,0.0,130936.0
1880,2026-07-06,Kiran,Male,Mumbai,West,Electronics,Mobile,3,32116,0.0,96348.0
1881,2026-07-25,Sneha,Female,Mumbai,West,Electronics,Headphones,4,39825,0.0,159300.0
1882,2026-05-20,Sneha,Female,Chennai,South,Clothing,Jeans,2,24800,0.0,49600.0
1883,2026-07-30,Rahul,Female,Hyderabad,South,Grocery,Rice,5,35997,0.05,170985.75
1884,2026-02-13,Priya,Female,Delhi,North,Electronics,Headphones,2,29162,0.1,52491.6
1885,2026-11-13,Rahul,Male,Hyderabad,South,Furniture,Chair,3,45340,0.0,136020.0
1886,2026-03-20,Priya,Male,Bangalore,South,Electronics,Headphones,5,3325,0.1,14962.5
1887,2026-11-10,Vijay,Male,Delhi,North,Clothing,Shirt,1,23210,0.1,20889.0
1888,2026-09-27,Anjali,Female,Bangalore,South,Furniture,Sofa,1,48228,0.0,48228.0
1889,2026-08-16,Arjun,Female,Pune,West,Furniture,Table,2,4421,0.05,8399.9
1890,2026-06-19,Priya,Female,Mumbai,West,Electronics,Laptop,2,46370,0.1,83466.0
1891,2026-11-16,Sneha,Male,Mumbai,West,Grocery,Rice,3,16767,0.0,50301.0
1892,2026-01-13,Kiran,Male,Bangalore,South,Clothing,Jeans,4,22741,0.1,81867.6
1893,2026-03-15,Ramesh,Male,Mumbai,West,Clothing,Shoes,2,1092,0.1,1965.6
1894,2026-04-30,Ramesh,Male,Chennai,South,Electronics,Mobile,1,16827,0.15,14302.95
1895,2026-05-17,Anjali,Male,Delhi,North,Electronics,Mobile,1,26719,0.05,25383.05
1896,2026-05-29,Rahul,Male,Hyderabad,South,Electronics,Mobile,2,18222,0.0,36444.0
1897,2026-07-31,Arjun,Male,Delhi,North,Grocery,Oil,5,35189,0.05,167147.75
1898,2026-05-12,Rahul,Male,Bangalore,South,Electronics,Laptop,1,33024,0.1,29721.6
1899,2026-07-24,Kiran,Male,Mumbai,West,Grocery,Sugar,3,32463,0.0,97389.0
1900,2026-08-05,Rahul,Female,Mumbai,West,Electronics,Headphones,3,14359,0.05,40923.15
1901,2026-05-11,Rahul,Male,Pune,West,Grocery,Rice,2,38467,0.0,76934.0
1902,2026-07-03,Kiran,Male,Bangalore,South,Furniture,Chair,4,47791,0.0,191164.0
1903,2026-11-04,Anjali,Male,Chennai,South,Electronics,Headphones,2,19910,0.15,33847.0
1904,2026-11-06,Sneha,Male,Pune,West,Furniture,Table,4,29179,0.0,116716.0
1905,2026-12-14,Sneha,Female,Hyderabad,South,Electronics,Mobile,2,7467,0.0,14934.0
1906,2026-06-03,Rahul,Female,Mumbai,West,Grocery,Sugar,1,42417,0.1,38175.3
1907,2026-03-09,Arjun,Female,Hyderabad,South,Clothing,Shirt,5,17207,0.1,77431.5
1908,2026-05-20,Rahul,Female,Chennai,South,Clothing,Jeans,4,11649,0.0,46596.0
1909,2026-10-31,Anjali,Female,Hyderabad,South,Electronics,Mobile,2,27005,0.0,54010.0
1910,2026-09-11,Vijay,Female,Bangalore,South,Clothing,Shirt,5,47994,0.0,239970.0
1911,2026-10-23,Rahul,Female,Bangalore,South,Grocery,Sugar,3,29978,0.15,76443.9
1912,2026-08-26,Sneha,Male,Mumbai,West,Clothing,Shoes,2,11919,0.0,23838.0
1913,2026-09-03,Sneha,Male,Mumbai,West,Clothing,Jeans,4,20759,0.1,74732.4
1914,2026-06-04,Arjun,Male,Chennai,South,Grocery,Sugar,3,34665,0.15,88395.75
1915,2026-05-23,Vijay,Male,Delhi,North,Grocery,Sugar,3,44200,0.1,119340.0
1916,2026-09-28,Priya,Male,Bangalore,South,Electronics,Headphones,5,36232,0.0,181160.0
1917,2026-09-24,Sneha,Female,Pune,West,Electronics,Mobile,5,1272,0.0,6360.0
1918,2026-01-14,Rahul,Female,Bangalore,South,Grocery,Rice,3,37594,0.05,107142.9
1919,2026-05-02,Ramesh,Male,Pune,West,Grocery,Sugar,2,3340,0.05,6346.0
1920,2026-12-25,Anjali,Female,Chennai,South,Clothing,Shoes,3,20324,0.15,51826.2
1921,2026-05-12,Rahul,Male,Delhi,North,Clothing,Jeans,5,28985,0.0,144925.0
1922,2026-05-05,Priya,Male,Chennai,South,Clothing,Shirt,2,33641,0.15,57189.7
1923,2026-05-19,Anjali,Male,Hyderabad,South,Furniture,Chair,2,2667,0.05,5067.3
1924,2026-10-19,Arjun,Female,Mumbai,West,Clothing,Shirt,4,9427,0.15,32051.8
1925,2026-05-29,Anjali,Female,Mumbai,West,Electronics,Mobile,2,23608,0.05,44855.2
1926,2026-10-21,Sneha,Male,Pune,West,Furniture,Sofa,1,13540,0.05,12863.0
1927,2026-02-20,Rahul,Female,Mumbai,West,Clothing,Jeans,2,40425,0.0,80850.0
1928,2026-02-08,Vijay,Male,Chennai,South,Clothing,Shirt,5,39068,0.05,185573.0
1929,2026-10-31,Rahul,Male,Chennai,South,Clothing,Shirt,4,39363,0.15,133834.2
1930,2026-08-22,Rahul,Male,Bangalore,South,Clothing,Shirt,4,14349,0.15,48786.6
1931,2026-12-09,Arjun,Male,Chennai,South,Furniture,Table,1,41239,0.15,35053.15
1932,2026-08-17,Rahul,Female,Hyderabad,South,Electronics,Mobile,2,31506,0.0,63012.0
1933,2026-09-11,Vijay,Female,Chennai,South,Furniture,Table,5,37365,0.05,177483.75
1934,2026-06-26,Priya,Female,Delhi,North,Clothing,Shirt,2,25018,0.15,42530.6
1935,2026-07-29,Arjun,Female,Bangalore,South,Clothing,Shirt,5,16295,0.05,77401.25
1936,2026-05-20,Vijay,Female,Chennai,South,Clothing,Shoes,3,22323,0.0,66969.0
1937,2026-07-01,Arjun,Male,Delhi,North,Electronics,Mobile,1,30931,0.0,30931.0
1938,2026-09-12,Anjali,Female,Delhi,North,Furniture,Table,3,47901,0.05,136517.85
1939,2026-09-15,Kiran,Male,Chennai,South,Grocery,Oil,5,47688,0.05,226518.0
1940,2026-09-28,Arjun,Male,Bangalore,South,Clothing,Shoes,4,25004,0.15,85013.6
1941,2026-06-30,Sneha,Female,Delhi,North,Furniture,Table,4,2992,0.0,11968.0
1942,2026-09-12,Kiran,Female,Bangalore,South,Grocery,Sugar,4,29187,0.1,105073.2
1943,2026-04-18,Rahul,Male,Mumbai,West,Electronics,Mobile,1,29671,0.1,26703.9
1944,2026-08-25,Ramesh,Male,Delhi,North,Furniture,Chair,5,23123,0.0,115615.0
1945,2026-04-14,Vijay,Male,Delhi,North,Furniture,Sofa,5,41314,0.15,175584.5
1946,2026-12-23,Vijay,Female,Delhi,North,Clothing,Shirt,4,40943,0.05,155583.4
1947,2026-09-01,Sneha,Female,Hyderabad,South,Grocery,Rice,4,4008,0.05,15230.4
1948,2026-04-16,Arjun,Female,Chennai,South,Electronics,Mobile,2,18352,0.1,33033.6
1949,2026-06-30,Ramesh,Male,Bangalore,South,Clothing,Shoes,2,41481,0.15,70517.7
1950,2026-05-23,Sneha,Male,Hyderabad,South,Grocery,Rice,3,46862,0.0,140586.0
1951,2026-01-04,Kiran,Female,Delhi,North,Electronics,Headphones,3,5615,0.05,16002.75
1952,2026-04-11,Priya,Male,Mumbai,West,Electronics,Headphones,4,3781,0.15,12855.4
1953,2026-03-04,Ramesh,Male,Delhi,North,Electronics,Mobile,3,36870,0.05,105079.5
1954,2026-07-26,Anjali,Female,Bangalore,South,Electronics,Mobile,4,48652,0.1,175147.2
1955,2026-06-16,Vijay,Female,Mumbai,West,Grocery,Rice,2,19277,0.0,38554.0
1956,2026-06-23,Rahul,Female,Hyderabad,South,Grocery,Sugar,3,5051,0.1,13637.7
1957,2026-11-20,Kiran,Male,Bangalore,South,Electronics,Mobile,4,8724,0.1,31406.4
1958,2026-08-04,Ramesh,Female,Bangalore,South,Electronics,Headphones,3,38798,0.05,110574.3
1959,2026-07-14,Sneha,Male,Bangalore,South,Grocery,Rice,5,7154,0.1,32193.0
1960,2026-03-17,Kiran,Male,Pune,West,Clothing,Shirt,2,38623,0.0,77246.0
1961,2026-03-25,Kiran,Male,Mumbai,West,Furniture,Sofa,2,12218,0.05,23214.2
1962,2026-02-06,Arjun,Male,Mumbai,West,Grocery,Rice,5,15604,0.05,74119.0
1963,2026-11-04,Priya,Male,Pune,West,Electronics,Mobile,4,33735,0.15,114699.0
1964,2026-02-03,Rahul,Male,Mumbai,West,Furniture,Chair,4,49831,0.1,179391.6
1965,2026-01-10,Sneha,Male,Bangalore,South,Grocery,Oil,1,45104,0.1,40593.6
1966,2026-03-19,Arjun,Female,Mumbai,West,Grocery,Sugar,5,17364,0.1,78138.0
1967,2026-07-04,Sneha,Male,Delhi,North,Electronics,Laptop,1,45224,0.05,42962.8
1968,2026-11-02,Ramesh,Male,Mumbai,West,Electronics,Mobile,3,30370,0.1,81999.0
1969,2026-10-19,Rahul,Female,Pune,West,Grocery,Rice,5,3726,0.0,18630.0
1970,2026-08-07,Arjun,Female,Bangalore,South,Furniture,Table,1,13482,0.05,12807.9
1971,2026-04-30,Arjun,Female,Pune,West,Furniture,Table,1,41215,0.0,41215.0
1972,2026-07-12,Arjun,Male,Pune,West,Electronics,Laptop,3,1507,0.0,4521.0
1973,2026-06-02,Kiran,Male,Bangalore,South,Electronics,Headphones,1,49803,0.1,44822.7
1974,2026-04-19,Rahul,Male,Pune,West,Electronics,Headphones,4,22039,0.15,74932.6
1975,2026-07-20,Ramesh,Male,Pune,West,Furniture,Chair,5,38484,0.1,173178.0
1976,2026-10-03,Ramesh,Male,Bangalore,South,Furniture,Sofa,2,30861,0.1,55549.8
1977,2026-11-21,Kiran,Female,Chennai,South,Furniture,Table,4,46198,0.0,184792.0
1978,2026-07-16,Sneha,Female,Delhi,North,Clothing,Shoes,1,5770,0.15,4904.5
1979,2026-01-14,Arjun,Female,Mumbai,West,Grocery,Rice,1,41366,0.15,35161.1
1980,2026-10-13,Vijay,Male,Bangalore,South,Electronics,Headphones,4,46389,0.0,185556.0
1981,2026-09-09,Ramesh,Male,Chennai,South,Furniture,Chair,1,19890,0.15,16906.5
1982,2026-04-19,Ramesh,Female,Mumbai,West,Grocery,Rice,3,36260,0.0,108780.0
1983,2026-01-27,Anjali,Female,Chennai,South,Furniture,Table,4,29941,0.15,101799.4
1984,2026-03-13,Sneha,Male,Chennai,South,Furniture,Chair,5,29877,0.15,126977.25
1985,2026-07-20,Sneha,Female,Pune,West,Clothing,Shoes,4,15967,0.05,60674.6
1986,2026-06-07,Anjali,Male,Chennai,South,Furniture,Table,5,38385,0.15,163136.25
1987,2026-07-25,Sneha,Male,Mumbai,West,Grocery,Rice,4,18725,0.1,67410.0
1988,2026-08-05,Ramesh,Male,Mumbai,West,Electronics,Mobile,4,24114,0.15,81987.6
1989,2026-10-25,Sneha,Female,Hyderabad,South,Furniture,Table,5,38607,0.05,183383.25
1990,2026-04-18,Rahul,Male,Mumbai,West,Furniture,Table,2,45741,0.1,82333.8
1991,2026-04-29,Rahul,Female,Mumbai,West,Furniture,Table,1,6230,0.15,5295.5
1992,2026-02-13,Kiran,Female,Bangalore,South,Clothing,Shirt,2,36118,0.05,68624.2
1993,2026-01-03,Sneha,Female,Pune,West,Clothing,Shirt,2,30211,0.1,54379.8
1994,2026-11-18,Anjali,Female,Bangalore,South,Furniture,Sofa,5,46698,0.0,233490.0
1995,2026-08-07,Arjun,Male,Hyderabad,South,Grocery,Oil,3,49576,0.15,126418.8
1996,2026-09-16,Anjali,Male,Delhi,North,Grocery,Oil,4,16635,0.1,59886.0
1997,2026-04-18,Ramesh,Female,Delhi,North,Grocery,Oil,3,42562,0.15,108533.1
1998,2026-09-30,Anjali,Female,Delhi,North,Grocery,Oil,5,45822,0.05,217654.5
1999,2026-03-18,Anjali,Female,Hyderabad,South,Furniture,Chair,1,35685,0.0,35685.0
2000,2026-04-17,Kiran,Male,Mumbai,West,Grocery,Sugar,3,43581,0.05,124205.85
